Verification ID,Location,Safeguard,Criticality,Passed,Verified By,Date,Failed
V0000,Rig B,Emergency Shutdown,Low,False,aud_0,2023-12-07,True
V0001,Rig A,Fire Detection,Medium,True,aud_1,2023-02-03,False
V0002,Rig B,Fire Detection,High,True,aud_2,2023-10-22,False
V0003,Terminal X,Relief Valve,Medium,False,aud_3,2023-08-07,True
V0004,Terminal X,Blowout Preventer,Medium,False,aud_4,2022-04-09,True
V0005,Rig B,Blowout Preventer,High,False,aud_5,2022-09-14,True
V0006,Rig A,Fire Detection,Low,True,aud_6,2022-07-11,False
V0007,Platform C,Emergency Shutdown,Medium,True,aud_7,2023-11-28,False
V0008,Terminal X,Emergency Shutdown,Medium,True,aud_8,2023-02-21,False
V0009,Terminal X,Emergency Shutdown,High,False,aud_9,2023-10-02,True
V0010,Platform C,Blowout Preventer,High,True,aud_10,2023-08-07,False
V0011,Rig B,Relief Valve,High,False,aud_11,2023-12-20,True
V0012,Rig A,Fire Detection,High,False,aud_12,2022-09-29,True
V0013,Rig B,Gas Detection,High,True,aud_13,2023-01-10,False
V0014,Plant Y,Relief Valve,Critical,False,aud_14,2022-10-16,True
V0015,Terminal X,Gas Detection,High,True,aud_15,2023-10-22,False
V0016,Plant Y,Relief Valve,Low,False,aud_16,2022-06-08,True
V0017,Terminal X,Emergency Shutdown,Medium,False,aud_17,2022-08-18,True
V0018,Terminal X,Blowout Preventer,Low,True,aud_18,2023-12-17,False
V0019,Plant Y,Gas Detection,Low,False,aud_19,2022-09-24,True
V0020,Plant Y,Relief Valve,Critical,False,aud_20,2023-05-23,True
V0021,Rig B,Blowout Preventer,High,False,aud_21,2022-06-08,True
V0022,Plant Y,Gas Detection,Medium,False,aud_22,2024-02-17,True
V0023,Rig B,Fire Detection,Low,False,aud_23,2022-06-10,True
V0024,Rig B,Relief Valve,High,False,aud_24,2022-10-07,True
V0025,Rig B,Fire Detection,High,False,aud_25,2022-01-21,True
V0026,Terminal X,Emergency Shutdown,Critical,False,aud_26,2023-06-12,True
V0027,Terminal X,Fire Detection,Critical,True,aud_27,2022-06-14,False
V0028,Plant Y,Fire Detection,Critical,True,aud_28,2022-01-15,False
V0029,Terminal X,Relief Valve,Medium,False,aud_29,2022-03-12,True
V0030,Plant Y,Emergency Shutdown,Low,False,aud_30,2023-12-27,True
V0031,Terminal X,Fire Detection,Critical,True,aud_31,2022-04-10,False
V0032,Rig A,Blowout Preventer,Critical,False,aud_32,2023-07-17,True
V0033,Rig A,Gas Detection,Critical,True,aud_33,2022-03-14,False
V0034,Plant Y,Fire Detection,Low,True,aud_34,2023-11-29,False
V0035,Terminal X,Emergency Shutdown,Low,True,aud_35,2023-08-22,False
V0036,Terminal X,Fire Detection,Critical,False,aud_36,2023-08-10,True
V0037,Rig B,Gas Detection,Critical,False,aud_37,2022-06-20,True
V0038,Platform C,Emergency Shutdown,High,False,aud_38,2023-06-03,True
V0039,Plant Y,Relief Valve,Critical,True,aud_39,2022-11-03,False
V0040,Platform C,Emergency Shutdown,Medium,True,aud_40,2023-12-21,False
V0041,Platform C,Relief Valve,Medium,True,aud_41,2022-11-07,False
V0042,Plant Y,Emergency Shutdown,Critical,False,aud_42,2022-08-16,True
V0043,Terminal X,Gas Detection,Low,True,aud_43,2023-02-26,False
V0044,Plant Y,Gas Detection,High,True,aud_44,2023-06-11,False
V0045,Platform C,Emergency Shutdown,Low,False,aud_45,2023-07-10,True
V0046,Terminal X,Fire Detection,Critical,True,aud_46,2023-11-25,False
V0047,Rig A,Gas Detection,Medium,True,aud_47,2023-10-14,False
V0048,Plant Y,Relief Valve,High,False,aud_48,2023-08-12,True
V0049,Plant Y,Relief Valve,Low,False,aud_49,2023-07-16,True
V0050,Terminal X,Blowout Preventer,Low,True,aud_50,2022-11-13,False
V0051,Rig A,Relief Valve,Critical,False,aud_51,2022-12-01,True
V0052,Rig A,Blowout Preventer,High,True,aud_52,2022-09-01,False
V0053,Terminal X,Emergency Shutdown,Medium,False,aud_53,2022-06-07,True
V0054,Rig B,Emergency Shutdown,Critical,True,aud_54,2023-09-07,False
V0055,Plant Y,Emergency Shutdown,High,False,aud_55,2023-05-11,True
V0056,Plant Y,Fire Detection,Low,True,aud_56,2023-12-23,False
V0057,Platform C,Fire Detection,Critical,False,aud_57,2022-02-13,True
V0058,Terminal X,Blowout Preventer,Low,False,aud_58,2022-05-21,True
V0059,Platform C,Relief Valve,Low,False,aud_59,2022-06-14,True
V0060,Platform C,Relief Valve,Critical,False,aud_60,2023-08-14,True
V0061,Rig A,Emergency Shutdown,Critical,False,aud_61,2022-05-11,True
V0062,Plant Y,Gas Detection,Critical,False,aud_62,2023-01-14,True
V0063,Platform C,Fire Detection,Critical,False,aud_63,2023-04-24,True
V0064,Rig A,Fire Detection,Critical,True,aud_64,2023-11-29,False
V0065,Terminal X,Emergency Shutdown,Low,True,aud_65,2023-09-14,False
V0066,Platform C,Fire Detection,Medium,False,aud_66,2023-07-01,True
V0067,Plant Y,Emergency Shutdown,Medium,False,aud_67,2022-10-15,True
V0068,Platform C,Blowout Preventer,Critical,True,aud_68,2023-09-17,False
V0069,Terminal X,Relief Valve,Low,True,aud_69,2022-04-11,False
V0070,Platform C,Gas Detection,Medium,False,aud_70,2023-03-23,True
V0071,Plant Y,Relief Valve,Medium,True,aud_71,2022-11-13,False
V0072,Rig A,Relief Valve,Medium,True,aud_72,2023-02-01,False
V0073,Plant Y,Blowout Preventer,Low,False,aud_73,2022-05-13,True
V0074,Rig A,Fire Detection,Critical,False,aud_74,2022-05-30,True
V0075,Rig B,Gas Detection,Critical,False,aud_75,2022-07-10,True
V0076,Plant Y,Fire Detection,Critical,True,aud_76,2023-09-21,False
V0077,Plant Y,Relief Valve,High,False,aud_77,2022-06-25,True
V0078,Terminal X,Emergency Shutdown,High,False,aud_78,2024-01-16,True
V0079,Platform C,Relief Valve,High,True,aud_79,2022-01-03,False
V0080,Rig A,Fire Detection,Low,False,aud_80,2023-07-08,True
V0081,Rig A,Relief Valve,Medium,True,aud_81,2023-08-08,False
V0082,Terminal X,Emergency Shutdown,Medium,True,aud_82,2022-11-19,False
V0083,Terminal X,Blowout Preventer,Low,True,aud_83,2022-01-02,False
V0084,Platform C,Fire Detection,Low,True,aud_84,2023-01-05,False
V0085,Platform C,Relief Valve,Critical,True,aud_85,2023-01-14,False
V0086,Plant Y,Fire Detection,Critical,True,aud_86,2022-04-09,False
V0087,Rig B,Blowout Preventer,High,False,aud_87,2022-07-18,True
V0088,Platform C,Relief Valve,High,False,aud_88,2022-05-20,True
V0089,Terminal X,Relief Valve,Low,False,aud_89,2022-04-30,True
V0090,Platform C,Fire Detection,High,True,aud_90,2023-05-01,False
V0091,Rig A,Fire Detection,Medium,False,aud_91,2024-02-29,True
V0092,Rig B,Emergency Shutdown,Low,True,aud_92,2023-11-10,False
V0093,Plant Y,Blowout Preventer,Low,False,aud_93,2022-03-01,True
V0094,Rig A,Emergency Shutdown,Medium,True,aud_94,2022-12-03,False
V0095,Rig A,Relief Valve,Critical,False,aud_95,2023-02-19,True
V0096,Rig B,Fire Detection,Critical,True,aud_96,2023-05-04,False
V0097,Plant Y,Relief Valve,Medium,False,aud_97,2023-09-27,True
V0098,Terminal X,Relief Valve,Medium,True,aud_98,2024-02-29,False
V0099,Plant Y,Gas Detection,High,False,aud_99,2023-11-09,True
V0100,Platform C,Gas Detection,Low,True,aud_100,2022-12-01,False
V0101,Rig A,Relief Valve,High,False,aud_101,2023-10-28,True
V0102,Platform C,Fire Detection,Medium,False,aud_102,2023-08-23,True
V0103,Terminal X,Relief Valve,High,False,aud_103,2023-11-03,True
V0104,Platform C,Gas Detection,Medium,True,aud_104,2023-02-27,False
V0105,Plant Y,Fire Detection,High,True,aud_105,2022-05-08,False
V0106,Platform C,Relief Valve,High,True,aud_106,2022-06-02,False
V0107,Terminal X,Blowout Preventer,Critical,True,aud_107,2023-03-18,False
V0108,Terminal X,Blowout Preventer,Medium,True,aud_108,2022-01-25,False
V0109,Terminal X,Relief Valve,High,False,aud_109,2023-11-04,True
V0110,Plant Y,Fire Detection,Low,True,aud_110,2022-05-16,False
V0111,Terminal X,Relief Valve,High,False,aud_111,2022-07-17,True
V0112,Rig A,Relief Valve,High,False,aud_112,2023-02-21,True
V0113,Terminal X,Gas Detection,Low,True,aud_113,2023-02-01,False
V0114,Platform C,Blowout Preventer,Medium,False,aud_114,2024-02-11,True
V0115,Platform C,Gas Detection,Critical,True,aud_115,2022-05-06,False
V0116,Platform C,Gas Detection,Critical,True,aud_116,2023-01-28,False
V0117,Plant Y,Relief Valve,Critical,True,aud_117,2023-11-25,False
V0118,Platform C,Gas Detection,Low,False,aud_118,2022-09-08,True
V0119,Plant Y,Blowout Preventer,High,True,aud_119,2023-05-13,False
V0120,Plant Y,Gas Detection,Medium,True,aud_120,2022-02-19,False
V0121,Terminal X,Blowout Preventer,High,True,aud_121,2023-10-20,False
V0122,Rig A,Gas Detection,Critical,False,aud_122,2022-05-22,True
V0123,Terminal X,Blowout Preventer,High,True,aud_123,2023-03-22,False
V0124,Terminal X,Gas Detection,Low,False,aud_124,2022-08-30,True
V0125,Plant Y,Gas Detection,Low,False,aud_125,2022-05-17,True
V0126,Plant Y,Fire Detection,Medium,True,aud_126,2023-10-05,False
V0127,Platform C,Blowout Preventer,Medium,False,aud_127,2023-11-11,True
V0128,Platform C,Blowout Preventer,Critical,False,aud_128,2023-12-26,True
V0129,Terminal X,Blowout Preventer,Medium,True,aud_129,2023-01-04,False
V0130,Rig B,Emergency Shutdown,High,True,aud_130,2023-12-20,False
V0131,Rig B,Gas Detection,Low,True,aud_131,2023-04-13,False
V0132,Platform C,Blowout Preventer,Low,False,aud_132,2022-02-04,True
V0133,Rig B,Emergency Shutdown,Low,True,aud_133,2022-10-01,False
V0134,Platform C,Fire Detection,Medium,False,aud_134,2022-03-14,True
V0135,Plant Y,Blowout Preventer,Low,False,aud_135,2023-06-25,True
V0136,Terminal X,Blowout Preventer,Low,False,aud_136,2024-01-09,True
V0137,Rig A,Emergency Shutdown,Low,False,aud_137,2022-04-04,True
V0138,Terminal X,Gas Detection,Critical,False,aud_138,2022-09-23,True
V0139,Platform C,Fire Detection,Critical,True,aud_139,2023-11-27,False
V0140,Platform C,Blowout Preventer,Medium,True,aud_140,2022-03-16,False
V0141,Terminal X,Gas Detection,Low,False,aud_141,2022-06-17,True
V0142,Platform C,Fire Detection,Medium,False,aud_142,2023-03-08,True
V0143,Rig B,Relief Valve,Low,True,aud_143,2023-04-07,False
V0144,Rig B,Relief Valve,Low,True,aud_144,2023-01-27,False
V0145,Platform C,Fire Detection,Low,False,aud_145,2023-03-01,True
V0146,Platform C,Emergency Shutdown,Medium,False,aud_146,2022-06-07,True
V0147,Rig B,Fire Detection,Medium,True,aud_147,2023-07-26,False
V0148,Platform C,Fire Detection,Low,True,aud_148,2022-11-14,False
V0149,Platform C,Emergency Shutdown,High,False,aud_149,2023-11-11,True
V0150,Terminal X,Emergency Shutdown,Medium,True,aud_150,2023-12-19,False
V0151,Rig A,Gas Detection,Critical,True,aud_151,2022-04-13,False
V0152,Rig B,Gas Detection,Medium,False,aud_152,2023-12-05,True
V0153,Terminal X,Emergency Shutdown,Low,False,aud_153,2022-07-22,True
V0154,Rig A,Relief Valve,High,False,aud_154,2022-05-14,True
V0155,Platform C,Relief Valve,Low,True,aud_155,2022-06-02,False
V0156,Platform C,Fire Detection,Critical,False,aud_156,2023-08-10,True
V0157,Terminal X,Blowout Preventer,Medium,True,aud_157,2024-01-27,False
V0158,Platform C,Fire Detection,Medium,False,aud_158,2024-02-29,True
V0159,Plant Y,Fire Detection,Low,False,aud_159,2023-08-03,True
V0160,Terminal X,Blowout Preventer,Low,True,aud_160,2024-01-03,False
V0161,Rig A,Emergency Shutdown,Critical,True,aud_161,2022-07-02,False
V0162,Terminal X,Relief Valve,High,False,aud_162,2022-06-15,True
V0163,Rig B,Fire Detection,Critical,False,aud_163,2022-08-22,True
V0164,Terminal X,Blowout Preventer,High,True,aud_164,2022-02-22,False
V0165,Platform C,Gas Detection,Medium,False,aud_165,2024-02-12,True
V0166,Platform C,Fire Detection,High,True,aud_166,2023-08-09,False
V0167,Plant Y,Relief Valve,High,True,aud_167,2024-02-12,False
V0168,Plant Y,Emergency Shutdown,Medium,False,aud_168,2022-03-27,True
V0169,Plant Y,Fire Detection,Medium,True,aud_169,2022-06-13,False
V0170,Rig A,Fire Detection,Medium,True,aud_170,2024-01-04,False
V0171,Plant Y,Blowout Preventer,Critical,True,aud_171,2022-10-02,False
V0172,Rig A,Gas Detection,Medium,False,aud_172,2022-09-06,True
V0173,Plant Y,Gas Detection,Low,True,aud_173,2023-12-01,False
V0174,Rig A,Emergency Shutdown,Medium,False,aud_174,2023-01-03,True
V0175,Terminal X,Relief Valve,Medium,False,aud_175,2023-06-25,True
V0176,Terminal X,Emergency Shutdown,Medium,False,aud_176,2023-06-18,True
V0177,Platform C,Fire Detection,High,True,aud_177,2022-06-30,False
V0178,Rig A,Fire Detection,Critical,True,aud_178,2022-04-01,False
V0179,Rig B,Gas Detection,Medium,False,aud_179,2024-01-16,True
V0180,Platform C,Relief Valve,Critical,False,aud_180,2022-03-18,True
V0181,Terminal X,Blowout Preventer,Low,True,aud_181,2023-07-14,False
V0182,Rig A,Relief Valve,Low,False,aud_182,2023-10-27,True
V0183,Plant Y,Fire Detection,Medium,False,aud_183,2022-01-31,True
V0184,Rig B,Blowout Preventer,Low,True,aud_184,2024-01-29,False
V0185,Terminal X,Relief Valve,Critical,False,aud_185,2022-08-29,True
V0186,Platform C,Relief Valve,High,True,aud_186,2023-05-03,False
V0187,Rig A,Blowout Preventer,Medium,True,aud_187,2023-07-23,False
V0188,Rig B,Fire Detection,Low,False,aud_188,2022-02-23,True
V0189,Rig A,Relief Valve,Critical,True,aud_189,2022-06-26,False
V0190,Plant Y,Blowout Preventer,Critical,True,aud_190,2022-01-16,False
V0191,Platform C,Fire Detection,Low,True,aud_191,2023-11-09,False
V0192,Rig A,Blowout Preventer,Critical,False,aud_192,2024-02-25,True
V0193,Terminal X,Blowout Preventer,Critical,False,aud_193,2022-12-08,True
V0194,Platform C,Relief Valve,Medium,False,aud_194,2023-08-20,True
V0195,Terminal X,Fire Detection,Critical,True,aud_195,2022-01-29,False
V0196,Rig A,Relief Valve,Low,True,aud_196,2023-06-18,False
V0197,Platform C,Emergency Shutdown,Medium,False,aud_197,2022-03-05,True
V0198,Terminal X,Emergency Shutdown,Low,False,aud_198,2022-11-30,True
V0199,Plant Y,Fire Detection,High,True,aud_199,2022-04-07,False
V0200,Plant Y,Blowout Preventer,Low,False,aud_200,2022-07-01,True
V0201,Rig A,Relief Valve,Low,False,aud_201,2022-06-02,True
V0202,Platform C,Relief Valve,Medium,False,aud_202,2023-01-27,True
V0203,Rig B,Fire Detection,Critical,False,aud_203,2022-03-16,True
V0204,Platform C,Fire Detection,Low,False,aud_204,2023-05-26,True
V0205,Plant Y,Emergency Shutdown,Medium,True,aud_205,2022-01-11,False
V0206,Terminal X,Gas Detection,High,False,aud_206,2023-08-19,True
V0207,Rig B,Fire Detection,Medium,False,aud_207,2022-09-13,True
V0208,Rig A,Gas Detection,Medium,True,aud_208,2022-12-12,False
V0209,Rig B,Fire Detection,Critical,True,aud_209,2023-07-03,False
V0210,Rig A,Blowout Preventer,Low,True,aud_210,2023-03-09,False
V0211,Rig B,Blowout Preventer,High,True,aud_211,2023-04-17,False
V0212,Rig A,Emergency Shutdown,Medium,False,aud_212,2023-11-07,True
V0213,Rig A,Emergency Shutdown,Low,False,aud_213,2024-01-09,True
V0214,Rig B,Gas Detection,Low,False,aud_214,2022-09-19,True
V0215,Rig B,Fire Detection,Medium,False,aud_215,2023-04-01,True
V0216,Rig A,Relief Valve,Low,True,aud_216,2024-01-23,False
V0217,Plant Y,Emergency Shutdown,Medium,True,aud_217,2022-09-07,False
V0218,Rig B,Relief Valve,Medium,False,aud_218,2023-10-24,True
V0219,Platform C,Relief Valve,Medium,False,aud_219,2023-12-27,True
V0220,Terminal X,Fire Detection,High,False,aud_220,2023-02-19,True
V0221,Rig A,Gas Detection,Medium,False,aud_221,2022-06-27,True
V0222,Rig A,Fire Detection,Critical,True,aud_222,2022-04-08,False
V0223,Terminal X,Emergency Shutdown,Low,False,aud_223,2023-09-04,True
V0224,Plant Y,Relief Valve,High,True,aud_224,2022-01-02,False
V0225,Terminal X,Fire Detection,Low,True,aud_225,2023-02-27,False
V0226,Rig B,Fire Detection,High,True,aud_226,2022-12-03,False
V0227,Terminal X,Fire Detection,Critical,True,aud_227,2022-12-25,False
V0228,Rig A,Emergency Shutdown,High,False,aud_228,2023-11-25,True
V0229,Terminal X,Gas Detection,High,False,aud_229,2022-09-20,True
V0230,Platform C,Fire Detection,High,False,aud_230,2023-02-26,True
V0231,Rig B,Emergency Shutdown,Low,False,aud_231,2022-11-26,True
V0232,Terminal X,Relief Valve,Medium,True,aud_232,2023-05-25,False
V0233,Rig A,Blowout Preventer,Low,True,aud_233,2023-10-06,False
V0234,Rig B,Emergency Shutdown,Medium,True,aud_234,2023-12-04,False
V0235,Rig A,Blowout Preventer,Low,False,aud_235,2023-04-26,True
V0236,Plant Y,Fire Detection,Critical,True,aud_236,2022-10-02,False
V0237,Platform C,Fire Detection,Critical,True,aud_237,2023-09-30,False
V0238,Plant Y,Emergency Shutdown,High,True,aud_238,2023-05-19,False
V0239,Platform C,Blowout Preventer,Critical,True,aud_239,2023-01-22,False
V0240,Terminal X,Fire Detection,High,False,aud_240,2023-11-29,True
V0241,Rig B,Relief Valve,Medium,True,aud_241,2022-09-10,False
V0242,Terminal X,Gas Detection,Critical,True,aud_242,2023-04-03,False
V0243,Platform C,Gas Detection,Medium,False,aud_243,2022-10-30,True
V0244,Platform C,Fire Detection,Low,False,aud_244,2022-07-25,True
V0245,Platform C,Blowout Preventer,Medium,False,aud_245,2022-11-30,True
V0246,Rig A,Fire Detection,Low,True,aud_246,2022-06-25,False
V0247,Rig B,Blowout Preventer,Medium,True,aud_247,2022-11-16,False
V0248,Terminal X,Relief Valve,Medium,True,aud_248,2023-06-26,False
V0249,Terminal X,Blowout Preventer,Critical,True,aud_249,2023-04-22,False
V0250,Plant Y,Fire Detection,Medium,False,aud_250,2022-09-05,True
V0251,Platform C,Relief Valve,Critical,True,aud_251,2022-12-28,False
V0252,Platform C,Emergency Shutdown,Critical,True,aud_252,2023-10-06,False
V0253,Platform C,Gas Detection,High,False,aud_253,2023-05-13,True
V0254,Terminal X,Fire Detection,High,False,aud_254,2023-07-29,True
V0255,Plant Y,Fire Detection,Low,False,aud_255,2023-01-04,True
V0256,Rig A,Fire Detection,Medium,True,aud_256,2024-02-27,False
V0257,Rig B,Relief Valve,Low,True,aud_257,2024-01-09,False
V0258,Rig A,Emergency Shutdown,Medium,True,aud_258,2022-12-01,False
V0259,Terminal X,Blowout Preventer,High,True,aud_259,2022-04-15,False
V0260,Platform C,Emergency Shutdown,High,True,aud_260,2022-11-03,False
V0261,Rig B,Relief Valve,Medium,False,aud_261,2022-10-18,True
V0262,Terminal X,Fire Detection,Medium,False,aud_262,2022-06-30,True
V0263,Terminal X,Gas Detection,High,True,aud_263,2023-08-17,False
V0264,Terminal X,Fire Detection,High,True,aud_264,2023-02-11,False
V0265,Rig B,Blowout Preventer,Low,True,aud_265,2022-10-04,False
V0266,Rig B,Gas Detection,High,True,aud_266,2022-05-08,False
V0267,Plant Y,Fire Detection,Medium,True,aud_267,2022-11-25,False
V0268,Plant Y,Gas Detection,Low,False,aud_268,2022-03-31,True
V0269,Rig A,Emergency Shutdown,Medium,False,aud_269,2022-04-04,True
V0270,Rig B,Relief Valve,Critical,False,aud_270,2023-07-31,True
V0271,Rig B,Fire Detection,Low,True,aud_271,2024-01-28,False
V0272,Rig B,Blowout Preventer,Medium,True,aud_272,2024-01-08,False
V0273,Plant Y,Emergency Shutdown,High,False,aud_273,2024-02-06,True
V0274,Terminal X,Fire Detection,Critical,False,aud_274,2022-08-20,True
V0275,Platform C,Emergency Shutdown,Medium,True,aud_275,2023-01-22,False
V0276,Plant Y,Blowout Preventer,Low,False,aud_276,2023-05-06,True
V0277,Rig B,Fire Detection,Medium,False,aud_277,2022-10-14,True
V0278,Plant Y,Blowout Preventer,Critical,True,aud_278,2022-06-21,False
V0279,Rig A,Gas Detection,Low,False,aud_279,2023-02-08,True
V0280,Rig B,Blowout Preventer,Critical,False,aud_280,2023-11-02,True
V0281,Rig A,Gas Detection,Medium,False,aud_281,2022-03-12,True
V0282,Rig B,Fire Detection,High,True,aud_282,2023-11-25,False
V0283,Plant Y,Gas Detection,High,False,aud_283,2023-11-03,True
V0284,Terminal X,Fire Detection,Medium,False,aud_284,2023-01-25,True
V0285,Platform C,Fire Detection,Medium,False,aud_285,2022-07-22,True
V0286,Rig A,Relief Valve,Medium,True,aud_286,2023-06-01,False
V0287,Plant Y,Fire Detection,Low,True,aud_287,2023-03-12,False
V0288,Terminal X,Gas Detection,Critical,False,aud_288,2024-01-28,True
V0289,Plant Y,Relief Valve,Critical,True,aud_289,2023-06-24,False
V0290,Rig A,Relief Valve,Critical,False,aud_290,2023-01-12,True
V0291,Platform C,Fire Detection,Medium,True,aud_291,2024-01-07,False
V0292,Plant Y,Blowout Preventer,Critical,True,aud_292,2023-08-04,False
V0293,Rig B,Blowout Preventer,Medium,False,aud_293,2022-01-05,True
V0294,Terminal X,Relief Valve,Low,False,aud_294,2023-09-19,True
V0295,Plant Y,Fire Detection,High,False,aud_295,2022-12-21,True
V0296,Terminal X,Blowout Preventer,Medium,True,aud_296,2024-01-26,False
V0297,Rig B,Fire Detection,Medium,False,aud_297,2023-07-10,True
V0298,Platform C,Fire Detection,High,True,aud_298,2023-06-07,False
V0299,Platform C,Relief Valve,High,True,aud_299,2022-09-06,False
V0300,Rig B,Relief Valve,Low,False,aud_300,2022-03-17,True
V0301,Terminal X,Emergency Shutdown,Critical,True,aud_301,2024-01-18,False
V0302,Plant Y,Blowout Preventer,Medium,False,aud_302,2022-11-22,True
V0303,Rig B,Blowout Preventer,Critical,True,aud_303,2023-07-20,False
V0304,Rig A,Blowout Preventer,Medium,False,aud_304,2023-12-05,True
V0305,Terminal X,Gas Detection,Low,True,aud_305,2023-07-21,False
V0306,Platform C,Fire Detection,High,True,aud_306,2022-03-07,False
V0307,Rig B,Relief Valve,Low,False,aud_307,2023-11-09,True
V0308,Platform C,Blowout Preventer,High,True,aud_308,2023-12-11,False
V0309,Terminal X,Emergency Shutdown,Critical,False,aud_309,2022-08-18,True
V0310,Platform C,Blowout Preventer,Critical,True,aud_310,2022-02-14,False
V0311,Rig B,Fire Detection,Low,True,aud_311,2024-02-19,False
V0312,Terminal X,Fire Detection,High,True,aud_312,2022-09-10,False
V0313,Rig A,Relief Valve,Low,False,aud_313,2022-08-05,True
V0314,Rig B,Gas Detection,High,False,aud_314,2022-09-27,True
V0315,Plant Y,Relief Valve,High,False,aud_315,2022-09-11,True
V0316,Rig B,Blowout Preventer,Critical,False,aud_316,2023-03-17,True
V0317,Terminal X,Emergency Shutdown,Critical,False,aud_317,2024-02-26,True
V0318,Rig B,Relief Valve,High,True,aud_318,2023-02-08,False
V0319,Rig A,Gas Detection,High,True,aud_319,2022-03-07,False
V0320,Rig A,Relief Valve,High,False,aud_320,2023-04-22,True
V0321,Plant Y,Fire Detection,Critical,True,aud_321,2022-10-26,False
V0322,Platform C,Blowout Preventer,Critical,True,aud_322,2023-07-25,False
V0323,Terminal X,Blowout Preventer,Medium,True,aud_323,2022-01-25,False
V0324,Terminal X,Blowout Preventer,High,True,aud_324,2023-02-11,False
V0325,Platform C,Blowout Preventer,Medium,False,aud_325,2022-09-14,True
V0326,Rig A,Blowout Preventer,High,True,aud_326,2022-03-18,False
V0327,Rig A,Blowout Preventer,Critical,False,aud_327,2023-09-28,True
V0328,Rig B,Emergency Shutdown,Medium,False,aud_328,2023-01-20,True
V0329,Plant Y,Gas Detection,Medium,True,aud_329,2022-10-04,False
V0330,Plant Y,Blowout Preventer,Low,False,aud_330,2023-06-27,True
V0331,Plant Y,Gas Detection,High,True,aud_331,2023-04-20,False
V0332,Rig B,Blowout Preventer,Critical,True,aud_332,2022-10-31,False
V0333,Plant Y,Relief Valve,Low,True,aud_333,2022-12-29,False
V0334,Platform C,Blowout Preventer,Low,False,aud_334,2022-08-20,True
V0335,Rig B,Fire Detection,High,False,aud_335,2022-09-11,True
V0336,Platform C,Emergency Shutdown,Low,False,aud_336,2023-09-12,True
V0337,Rig B,Relief Valve,High,True,aud_337,2023-04-22,False
V0338,Plant Y,Relief Valve,Low,True,aud_338,2022-04-02,False
V0339,Platform C,Fire Detection,High,True,aud_339,2023-10-11,False
V0340,Platform C,Blowout Preventer,Critical,False,aud_340,2023-11-29,True
V0341,Platform C,Emergency Shutdown,High,True,aud_341,2022-02-11,False
V0342,Rig B,Relief Valve,High,True,aud_342,2024-02-06,False
V0343,Terminal X,Emergency Shutdown,Medium,False,aud_343,2023-03-28,True
V0344,Plant Y,Relief Valve,Critical,False,aud_344,2022-03-18,True
V0345,Platform C,Blowout Preventer,Critical,False,aud_345,2023-11-17,True
V0346,Terminal X,Relief Valve,Critical,True,aud_346,2023-10-12,False
V0347,Plant Y,Relief Valve,Low,True,aud_347,2022-08-18,False
V0348,Plant Y,Gas Detection,Medium,True,aud_348,2022-09-14,False
V0349,Platform C,Blowout Preventer,Critical,False,aud_349,2022-12-30,True
V0350,Platform C,Fire Detection,Low,False,aud_350,2023-04-05,True
V0351,Rig B,Fire Detection,Low,False,aud_351,2023-04-11,True
V0352,Terminal X,Blowout Preventer,Low,False,aud_352,2023-01-06,True
V0353,Terminal X,Fire Detection,Medium,True,aud_353,2022-12-04,False
V0354,Platform C,Blowout Preventer,Low,True,aud_354,2023-05-25,False
V0355,Plant Y,Fire Detection,Medium,True,aud_355,2024-02-28,False
V0356,Platform C,Gas Detection,High,True,aud_356,2024-02-19,False
V0357,Plant Y,Fire Detection,Low,True,aud_357,2023-11-14,False
V0358,Plant Y,Relief Valve,Critical,True,aud_358,2022-06-06,False
V0359,Platform C,Blowout Preventer,Low,True,aud_359,2023-09-19,False
V0360,Rig A,Emergency Shutdown,High,True,aud_360,2023-10-20,False
V0361,Terminal X,Emergency Shutdown,High,False,aud_361,2023-11-14,True
V0362,Plant Y,Blowout Preventer,Low,False,aud_362,2024-02-21,True
V0363,Plant Y,Gas Detection,High,True,aud_363,2022-02-12,False
V0364,Rig A,Fire Detection,Medium,False,aud_364,2022-06-29,True
V0365,Rig B,Gas Detection,Medium,True,aud_365,2022-11-28,False
V0366,Rig A,Emergency Shutdown,Low,True,aud_366,2022-08-04,False
V0367,Rig A,Blowout Preventer,Medium,False,aud_367,2022-11-19,True
V0368,Plant Y,Blowout Preventer,Medium,True,aud_368,2022-02-04,False
V0369,Terminal X,Gas Detection,Critical,True,aud_369,2022-07-07,False
V0370,Rig A,Gas Detection,Low,True,aud_370,2023-09-19,False
V0371,Rig B,Fire Detection,High,True,aud_371,2022-12-24,False
V0372,Platform C,Relief Valve,Low,True,aud_372,2023-04-26,False
V0373,Rig A,Relief Valve,Medium,True,aud_373,2022-06-10,False
V0374,Rig A,Fire Detection,Critical,True,aud_374,2023-07-02,False
V0375,Rig B,Relief Valve,Low,False,aud_375,2023-09-19,True
V0376,Terminal X,Emergency Shutdown,Low,False,aud_376,2022-12-08,True
V0377,Rig A,Relief Valve,Medium,True,aud_377,2024-01-08,False
V0378,Rig A,Fire Detection,Medium,False,aud_378,2023-08-06,True
V0379,Terminal X,Relief Valve,Low,True,aud_379,2023-09-09,False
V0380,Rig B,Blowout Preventer,Medium,True,aud_380,2022-08-19,False
V0381,Rig A,Gas Detection,Medium,True,aud_381,2023-04-16,False
V0382,Terminal X,Emergency Shutdown,Medium,True,aud_382,2023-05-23,False
V0383,Rig A,Blowout Preventer,Medium,False,aud_383,2023-05-14,True
V0384,Platform C,Blowout Preventer,Medium,False,aud_384,2022-02-10,True
V0385,Plant Y,Fire Detection,Critical,False,aud_385,2023-10-22,True
V0386,Platform C,Gas Detection,Medium,False,aud_386,2022-01-22,True
V0387,Rig A,Gas Detection,High,True,aud_387,2023-09-16,False
V0388,Rig B,Emergency Shutdown,Low,False,aud_388,2023-07-06,True
V0389,Plant Y,Fire Detection,Critical,True,aud_389,2024-02-28,False
V0390,Platform C,Emergency Shutdown,Critical,True,aud_390,2022-07-16,False
V0391,Terminal X,Relief Valve,Medium,False,aud_391,2022-07-22,True
V0392,Rig B,Blowout Preventer,Low,True,aud_392,2022-04-23,False
V0393,Platform C,Emergency Shutdown,High,False,aud_393,2023-05-08,True
V0394,Terminal X,Blowout Preventer,Medium,False,aud_394,2022-04-02,True
V0395,Rig A,Fire Detection,Low,False,aud_395,2022-02-02,True
V0396,Terminal X,Relief Valve,Medium,False,aud_396,2023-12-16,True
V0397,Platform C,Fire Detection,Medium,False,aud_397,2022-01-22,True
V0398,Platform C,Relief Valve,Medium,True,aud_398,2022-12-03,False
V0399,Rig A,Relief Valve,Medium,False,aud_399,2022-05-10,True
V0400,Terminal X,Blowout Preventer,Medium,False,aud_400,2023-07-29,True
V0401,Terminal X,Fire Detection,Medium,True,aud_401,2022-10-22,False
V0402,Rig A,Fire Detection,Medium,False,aud_402,2023-11-30,True
V0403,Terminal X,Emergency Shutdown,High,False,aud_403,2022-03-05,True
V0404,Rig A,Fire Detection,Critical,True,aud_404,2023-10-01,False
V0405,Rig B,Emergency Shutdown,High,True,aud_405,2023-01-13,False
V0406,Platform C,Gas Detection,Medium,False,aud_406,2023-03-13,True
V0407,Rig B,Gas Detection,Medium,True,aud_407,2023-08-28,False
V0408,Plant Y,Gas Detection,High,False,aud_408,2023-08-17,True
V0409,Plant Y,Fire Detection,High,True,aud_409,2022-03-21,False
V0410,Plant Y,Fire Detection,Critical,False,aud_410,2023-07-29,True
V0411,Rig A,Emergency Shutdown,High,False,aud_411,2022-01-19,True
V0412,Terminal X,Relief Valve,Critical,False,aud_412,2023-09-05,True
V0413,Rig B,Emergency Shutdown,Medium,True,aud_413,2022-12-28,False
V0414,Rig B,Gas Detection,Low,False,aud_414,2022-08-29,True
V0415,Rig B,Emergency Shutdown,Low,True,aud_415,2024-01-03,False
V0416,Rig B,Relief Valve,Low,False,aud_416,2023-12-13,True
V0417,Plant Y,Fire Detection,Low,False,aud_417,2022-05-27,True
V0418,Rig B,Emergency Shutdown,Medium,False,aud_418,2023-07-25,True
V0419,Terminal X,Gas Detection,Low,False,aud_419,2023-07-06,True
V0420,Plant Y,Gas Detection,High,False,aud_420,2022-02-14,True
V0421,Rig B,Fire Detection,High,True,aud_421,2022-07-26,False
V0422,Rig A,Emergency Shutdown,Low,True,aud_422,2022-08-21,False
V0423,Platform C,Relief Valve,High,True,aud_423,2024-02-13,False
V0424,Platform C,Fire Detection,Critical,False,aud_424,2023-02-11,True
V0425,Platform C,Emergency Shutdown,Medium,False,aud_425,2023-11-10,True
V0426,Plant Y,Blowout Preventer,Low,True,aud_426,2022-12-25,False
V0427,Rig B,Gas Detection,Low,False,aud_427,2023-05-11,True
V0428,Plant Y,Relief Valve,Medium,False,aud_428,2023-05-07,True
V0429,Terminal X,Relief Valve,High,False,aud_429,2023-09-23,True
V0430,Rig A,Relief Valve,Medium,True,aud_430,2022-01-09,False
V0431,Rig A,Gas Detection,Medium,True,aud_431,2023-07-24,False
V0432,Platform C,Emergency Shutdown,High,True,aud_432,2023-06-10,False
V0433,Platform C,Fire Detection,Medium,True,aud_433,2023-03-26,False
V0434,Platform C,Emergency Shutdown,High,True,aud_434,2022-05-25,False
V0435,Rig B,Fire Detection,High,False,aud_435,2023-03-02,True
V0436,Terminal X,Relief Valve,Medium,False,aud_436,2022-12-21,True
V0437,Terminal X,Emergency Shutdown,Critical,False,aud_437,2023-10-27,True
V0438,Terminal X,Relief Valve,High,False,aud_438,2023-07-23,True
V0439,Terminal X,Blowout Preventer,Medium,True,aud_439,2022-06-23,False
V0440,Platform C,Relief Valve,High,True,aud_440,2022-10-20,False
V0441,Rig A,Relief Valve,Critical,False,aud_441,2022-06-16,True
V0442,Platform C,Fire Detection,Critical,True,aud_442,2023-08-16,False
V0443,Terminal X,Blowout Preventer,Low,False,aud_443,2024-02-04,True
V0444,Platform C,Relief Valve,High,False,aud_444,2023-07-29,True
V0445,Terminal X,Relief Valve,High,False,aud_445,2023-02-17,True
V0446,Plant Y,Blowout Preventer,Medium,False,aud_446,2023-05-01,True
V0447,Rig A,Blowout Preventer,High,True,aud_447,2022-10-10,False
V0448,Plant Y,Emergency Shutdown,Low,False,aud_448,2023-10-22,True
V0449,Rig B,Fire Detection,Critical,True,aud_449,2023-09-04,False
V0450,Platform C,Blowout Preventer,Critical,False,aud_450,2022-09-07,True
V0451,Rig B,Blowout Preventer,Low,False,aud_451,2022-03-12,True
V0452,Platform C,Gas Detection,High,False,aud_452,2023-03-28,True
V0453,Plant Y,Blowout Preventer,High,False,aud_453,2022-05-31,True
V0454,Terminal X,Fire Detection,Low,True,aud_454,2023-09-30,False
V0455,Terminal X,Relief Valve,Medium,False,aud_455,2022-10-24,True
V0456,Platform C,Relief Valve,Critical,True,aud_456,2023-04-16,False
V0457,Terminal X,Relief Valve,Low,False,aud_457,2022-04-11,True
V0458,Plant Y,Relief Valve,Low,False,aud_458,2022-04-28,True
V0459,Terminal X,Gas Detection,High,False,aud_459,2022-09-26,True
V0460,Plant Y,Blowout Preventer,Critical,True,aud_460,2022-06-12,False
V0461,Rig B,Relief Valve,High,False,aud_461,2022-03-02,True
V0462,Plant Y,Emergency Shutdown,Low,False,aud_462,2023-06-18,True
V0463,Rig A,Relief Valve,Medium,False,aud_463,2022-12-02,True
V0464,Rig A,Blowout Preventer,Critical,False,aud_464,2023-08-30,True
V0465,Rig A,Relief Valve,Low,False,aud_465,2023-08-26,True
V0466,Platform C,Gas Detection,Low,True,aud_466,2023-07-29,False
V0467,Platform C,Fire Detection,Medium,True,aud_467,2023-03-13,False
V0468,Platform C,Fire Detection,Low,False,aud_468,2022-01-07,True
V0469,Plant Y,Blowout Preventer,Low,False,aud_469,2022-08-09,True
V0470,Platform C,Fire Detection,Critical,True,aud_470,2024-01-30,False
V0471,Rig B,Fire Detection,Critical,False,aud_471,2023-10-29,True
V0472,Rig A,Emergency Shutdown,Critical,True,aud_472,2023-12-08,False
V0473,Plant Y,Blowout Preventer,High,False,aud_473,2022-01-23,True
V0474,Rig A,Blowout Preventer,Medium,False,aud_474,2023-11-27,True
V0475,Platform C,Fire Detection,Critical,True,aud_475,2022-10-15,False
V0476,Plant Y,Fire Detection,High,False,aud_476,2022-01-16,True
V0477,Terminal X,Fire Detection,High,True,aud_477,2023-09-18,False
V0478,Rig B,Gas Detection,Medium,True,aud_478,2023-03-06,False
V0479,Platform C,Relief Valve,Medium,True,aud_479,2022-02-01,False
V0480,Platform C,Gas Detection,Low,False,aud_480,2022-10-14,True
V0481,Rig B,Blowout Preventer,High,True,aud_481,2024-01-23,False
V0482,Rig B,Emergency Shutdown,Critical,True,aud_482,2023-04-05,False
V0483,Terminal X,Relief Valve,Medium,False,aud_483,2023-12-22,True
V0484,Platform C,Emergency Shutdown,High,False,aud_484,2023-06-12,True
V0485,Platform C,Blowout Preventer,Critical,False,aud_485,2023-11-12,True
V0486,Rig A,Blowout Preventer,High,False,aud_486,2023-08-12,True
V0487,Plant Y,Emergency Shutdown,Medium,False,aud_487,2022-09-24,True
V0488,Plant Y,Emergency Shutdown,Low,False,aud_488,2024-01-29,True
V0489,Rig A,Emergency Shutdown,High,True,aud_489,2022-09-09,False
V0490,Plant Y,Blowout Preventer,Critical,False,aud_490,2023-04-20,True
V0491,Rig B,Fire Detection,Medium,True,aud_491,2022-10-12,False
V0492,Plant Y,Emergency Shutdown,Low,False,aud_492,2022-03-16,True
V0493,Plant Y,Relief Valve,Critical,True,aud_493,2022-12-10,False
V0494,Rig A,Blowout Preventer,Critical,True,aud_494,2023-10-14,False
V0495,Terminal X,Gas Detection,Critical,False,aud_495,2022-06-20,True
V0496,Plant Y,Gas Detection,High,False,aud_496,2022-02-10,True
V0497,Plant Y,Relief Valve,Medium,True,aud_497,2022-09-28,False
V0498,Terminal X,Fire Detection,Critical,False,aud_498,2022-03-17,True
V0499,Rig A,Emergency Shutdown,High,False,aud_499,2024-01-23,True
V0500,Terminal X,Blowout Preventer,Medium,True,aud_500,2023-04-13,False
V0501,Rig A,Emergency Shutdown,Medium,True,aud_501,2022-10-04,False
V0502,Rig B,Blowout Preventer,High,True,aud_502,2023-04-02,False
V0503,Rig A,Gas Detection,High,False,aud_503,2023-10-04,True
V0504,Rig B,Emergency Shutdown,Critical,False,aud_504,2022-03-18,True
V0505,Rig B,Relief Valve,Medium,False,aud_505,2024-02-19,True
V0506,Rig A,Fire Detection,Low,False,aud_506,2022-04-11,True
V0507,Platform C,Relief Valve,High,True,aud_507,2023-02-27,False
V0508,Rig A,Fire Detection,Medium,False,aud_508,2022-06-09,True
V0509,Plant Y,Emergency Shutdown,Medium,True,aud_509,2022-07-20,False
V0510,Plant Y,Emergency Shutdown,Critical,False,aud_510,2022-05-08,True
V0511,Platform C,Fire Detection,Low,False,aud_511,2023-04-08,True
V0512,Rig B,Gas Detection,Critical,True,aud_512,2022-03-15,False
V0513,Platform C,Blowout Preventer,Low,False,aud_513,2023-06-08,True
V0514,Plant Y,Relief Valve,Low,False,aud_514,2022-04-29,True
V0515,Platform C,Relief Valve,High,True,aud_515,2022-11-19,False
V0516,Rig A,Relief Valve,Medium,False,aud_516,2022-10-21,True
V0517,Platform C,Emergency Shutdown,Medium,True,aud_517,2022-02-08,False
V0518,Rig B,Relief Valve,Medium,True,aud_518,2023-06-25,False
V0519,Rig A,Blowout Preventer,Low,True,aud_519,2023-01-05,False
V0520,Terminal X,Blowout Preventer,Medium,True,aud_520,2023-10-14,False
V0521,Plant Y,Fire Detection,High,False,aud_521,2023-01-06,True
V0522,Plant Y,Emergency Shutdown,Low,False,aud_522,2023-10-19,True
V0523,Platform C,Blowout Preventer,Low,False,aud_523,2022-06-13,True
V0524,Rig A,Gas Detection,Low,True,aud_524,2023-11-08,False
V0525,Terminal X,Emergency Shutdown,Low,False,aud_525,2022-07-01,True
V0526,Rig A,Emergency Shutdown,High,False,aud_526,2022-11-12,True
V0527,Plant Y,Blowout Preventer,Medium,False,aud_527,2022-11-25,True
V0528,Rig A,Gas Detection,High,False,aud_528,2024-02-07,True
V0529,Terminal X,Fire Detection,Medium,True,aud_529,2022-04-05,False
V0530,Platform C,Blowout Preventer,High,True,aud_530,2022-08-06,False
V0531,Rig B,Gas Detection,Critical,False,aud_531,2022-05-07,True
V0532,Rig A,Emergency Shutdown,Critical,True,aud_532,2022-06-19,False
V0533,Rig B,Gas Detection,Critical,False,aud_533,2022-07-21,True
V0534,Plant Y,Emergency Shutdown,Critical,False,aud_534,2022-05-13,True
V0535,Platform C,Blowout Preventer,Low,False,aud_535,2023-07-23,True
V0536,Platform C,Blowout Preventer,Low,True,aud_536,2022-12-16,False
V0537,Rig A,Relief Valve,High,False,aud_537,2023-10-09,True
V0538,Platform C,Relief Valve,High,True,aud_538,2023-12-11,False
V0539,Rig A,Relief Valve,Critical,True,aud_539,2022-02-22,False
V0540,Rig A,Blowout Preventer,Medium,False,aud_540,2024-01-01,True
V0541,Rig B,Fire Detection,Critical,True,aud_541,2022-02-27,False
V0542,Platform C,Blowout Preventer,High,True,aud_542,2022-08-02,False
V0543,Rig A,Gas Detection,Critical,False,aud_543,2022-05-08,True
V0544,Rig B,Blowout Preventer,High,True,aud_544,2023-09-02,False
V0545,Terminal X,Blowout Preventer,Critical,True,aud_545,2022-05-07,False
V0546,Rig B,Emergency Shutdown,Medium,False,aud_546,2022-11-28,True
V0547,Rig B,Emergency Shutdown,Critical,False,aud_547,2022-12-22,True
V0548,Rig A,Emergency Shutdown,Medium,True,aud_548,2022-06-11,False
V0549,Plant Y,Blowout Preventer,Medium,False,aud_549,2022-11-01,True
V0550,Plant Y,Fire Detection,High,False,aud_550,2023-03-30,True
V0551,Plant Y,Gas Detection,Medium,True,aud_551,2022-03-21,False
V0552,Rig B,Gas Detection,Low,True,aud_552,2022-02-07,False
V0553,Rig A,Fire Detection,Low,False,aud_553,2023-01-26,True
V0554,Platform C,Fire Detection,Low,True,aud_554,2022-07-03,False
V0555,Rig B,Gas Detection,High,False,aud_555,2022-11-07,True
V0556,Rig B,Relief Valve,Low,False,aud_556,2023-08-29,True
V0557,Rig A,Emergency Shutdown,High,True,aud_557,2022-09-03,False
V0558,Terminal X,Emergency Shutdown,High,True,aud_558,2022-08-02,False
V0559,Rig B,Gas Detection,Low,False,aud_559,2023-09-17,True
V0560,Terminal X,Fire Detection,Medium,False,aud_560,2023-10-03,True
V0561,Terminal X,Relief Valve,Critical,False,aud_561,2022-07-27,True
V0562,Plant Y,Gas Detection,High,False,aud_562,2022-02-07,True
V0563,Rig A,Emergency Shutdown,Low,True,aud_563,2023-11-01,False
V0564,Terminal X,Blowout Preventer,High,False,aud_564,2022-07-24,True
V0565,Rig A,Fire Detection,Medium,True,aud_565,2024-02-10,False
V0566,Plant Y,Blowout Preventer,Medium,True,aud_566,2022-02-24,False
V0567,Rig A,Gas Detection,Low,False,aud_567,2022-08-04,True
V0568,Rig B,Emergency Shutdown,High,True,aud_568,2022-09-11,False
V0569,Terminal X,Relief Valve,Critical,True,aud_569,2022-06-05,False
V0570,Rig A,Blowout Preventer,Critical,False,aud_570,2022-08-12,True
V0571,Platform C,Relief Valve,High,True,aud_571,2023-12-17,False
V0572,Rig A,Emergency Shutdown,High,True,aud_572,2022-08-07,False
V0573,Terminal X,Blowout Preventer,High,False,aud_573,2022-06-05,True
V0574,Plant Y,Relief Valve,Low,False,aud_574,2022-05-12,True
V0575,Plant Y,Relief Valve,Medium,False,aud_575,2022-06-28,True
V0576,Terminal X,Blowout Preventer,Critical,False,aud_576,2023-12-22,True
V0577,Rig B,Emergency Shutdown,Low,False,aud_577,2022-07-30,True
V0578,Rig B,Relief Valve,High,False,aud_578,2022-09-25,True
V0579,Plant Y,Gas Detection,High,False,aud_579,2023-04-21,True
V0580,Plant Y,Blowout Preventer,Medium,True,aud_580,2022-01-15,False
V0581,Terminal X,Fire Detection,High,True,aud_581,2023-02-14,False
V0582,Rig B,Fire Detection,Low,False,aud_582,2022-07-18,True
V0583,Plant Y,Emergency Shutdown,Low,True,aud_583,2024-02-24,False
V0584,Rig B,Gas Detection,Medium,True,aud_584,2023-03-05,False
V0585,Plant Y,Relief Valve,Low,False,aud_585,2022-06-20,True
V0586,Rig A,Fire Detection,Critical,True,aud_586,2023-10-18,False
V0587,Platform C,Emergency Shutdown,Low,False,aud_587,2022-08-04,True
V0588,Rig A,Gas Detection,Low,True,aud_588,2023-10-06,False
V0589,Plant Y,Gas Detection,Low,False,aud_589,2022-07-13,True
V0590,Platform C,Emergency Shutdown,Critical,True,aud_590,2023-03-16,False
V0591,Platform C,Emergency Shutdown,High,True,aud_591,2022-09-29,False
V0592,Plant Y,Relief Valve,Low,True,aud_592,2023-07-30,False
V0593,Plant Y,Emergency Shutdown,Medium,False,aud_593,2023-07-09,True
V0594,Rig B,Relief Valve,Critical,True,aud_594,2023-02-21,False
V0595,Plant Y,Relief Valve,Medium,True,aud_595,2023-06-14,False
V0596,Terminal X,Blowout Preventer,Low,False,aud_596,2022-08-24,True
V0597,Plant Y,Gas Detection,Medium,False,aud_597,2023-07-09,True
V0598,Terminal X,Gas Detection,Low,True,aud_598,2022-02-02,False
V0599,Plant Y,Gas Detection,Critical,True,aud_599,2022-11-20,False
V0600,Rig B,Blowout Preventer,Medium,True,aud_600,2023-03-18,False
V0601,Terminal X,Relief Valve,Medium,True,aud_601,2023-08-16,False
V0602,Rig A,Relief Valve,Low,False,aud_602,2024-02-26,True
V0603,Terminal X,Emergency Shutdown,Low,True,aud_603,2023-09-12,False
V0604,Rig B,Blowout Preventer,High,True,aud_604,2023-12-09,False
V0605,Terminal X,Emergency Shutdown,Low,False,aud_605,2023-09-11,True
V0606,Plant Y,Blowout Preventer,Low,True,aud_606,2024-01-07,False
V0607,Plant Y,Emergency Shutdown,High,True,aud_607,2023-01-30,False
V0608,Rig B,Fire Detection,Low,True,aud_608,2022-09-21,False
V0609,Platform C,Gas Detection,Low,False,aud_609,2022-07-22,True
V0610,Plant Y,Gas Detection,High,False,aud_610,2022-12-27,True
V0611,Rig A,Relief Valve,Critical,True,aud_611,2023-12-12,False
V0612,Rig B,Fire Detection,Critical,True,aud_612,2022-01-07,False
V0613,Terminal X,Gas Detection,Low,False,aud_613,2022-02-23,True
V0614,Terminal X,Relief Valve,Low,True,aud_614,2022-05-27,False
V0615,Rig A,Fire Detection,High,True,aud_615,2022-04-17,False
V0616,Plant Y,Gas Detection,High,False,aud_616,2023-09-08,True
V0617,Rig B,Emergency Shutdown,Critical,False,aud_617,2023-04-13,True
V0618,Rig A,Blowout Preventer,Medium,False,aud_618,2022-11-13,True
V0619,Plant Y,Fire Detection,Low,True,aud_619,2022-05-11,False
V0620,Rig B,Relief Valve,Medium,True,aud_620,2022-03-05,False
V0621,Terminal X,Fire Detection,Medium,True,aud_621,2022-05-20,False
V0622,Rig B,Relief Valve,High,True,aud_622,2023-04-05,False
V0623,Platform C,Fire Detection,Low,False,aud_623,2022-06-30,True
V0624,Rig B,Relief Valve,Low,True,aud_624,2023-01-30,False
V0625,Platform C,Gas Detection,High,True,aud_625,2023-05-26,False
V0626,Rig B,Emergency Shutdown,Medium,False,aud_626,2024-01-13,True
V0627,Platform C,Gas Detection,High,False,aud_627,2022-06-04,True
V0628,Terminal X,Emergency Shutdown,Critical,True,aud_628,2023-07-15,False
V0629,Plant Y,Gas Detection,Low,False,aud_629,2022-07-12,True
V0630,Platform C,Gas Detection,Critical,False,aud_630,2023-10-22,True
V0631,Platform C,Fire Detection,High,True,aud_631,2023-11-20,False
V0632,Terminal X,Blowout Preventer,Low,True,aud_632,2022-01-31,False
V0633,Platform C,Relief Valve,Critical,True,aud_633,2023-12-16,False
V0634,Rig A,Relief Valve,Critical,True,aud_634,2022-02-10,False
V0635,Terminal X,Relief Valve,Medium,False,aud_635,2023-10-02,True
V0636,Rig A,Emergency Shutdown,Low,False,aud_636,2024-01-30,True
V0637,Terminal X,Relief Valve,Critical,True,aud_637,2022-07-22,False
V0638,Platform C,Relief Valve,Critical,True,aud_638,2024-01-20,False
V0639,Rig A,Fire Detection,Medium,False,aud_639,2022-06-15,True
V0640,Platform C,Gas Detection,Critical,True,aud_640,2022-06-04,False
V0641,Terminal X,Relief Valve,Critical,True,aud_641,2022-08-12,False
V0642,Platform C,Blowout Preventer,Critical,True,aud_642,2022-03-27,False
V0643,Rig A,Relief Valve,Medium,True,aud_643,2023-08-10,False
V0644,Rig A,Emergency Shutdown,Critical,False,aud_644,2023-01-07,True
V0645,Platform C,Emergency Shutdown,Critical,True,aud_645,2022-11-11,False
V0646,Rig B,Emergency Shutdown,Low,False,aud_646,2023-05-27,True
V0647,Terminal X,Relief Valve,Low,True,aud_647,2022-12-11,False
V0648,Terminal X,Fire Detection,Medium,True,aud_648,2023-02-18,False
V0649,Platform C,Blowout Preventer,High,False,aud_649,2023-06-06,True
V0650,Rig B,Relief Valve,Low,True,aud_650,2022-12-25,False
V0651,Rig A,Fire Detection,Medium,False,aud_651,2023-01-11,True
V0652,Plant Y,Fire Detection,Critical,True,aud_652,2023-02-02,False
V0653,Plant Y,Relief Valve,Critical,True,aud_653,2023-04-13,False
V0654,Platform C,Relief Valve,Medium,True,aud_654,2022-10-09,False
V0655,Rig B,Fire Detection,Critical,True,aud_655,2022-11-17,False
V0656,Rig B,Fire Detection,Critical,True,aud_656,2022-09-16,False
V0657,Terminal X,Fire Detection,High,False,aud_657,2022-02-26,True
V0658,Rig A,Relief Valve,Critical,False,aud_658,2023-03-24,True
V0659,Rig B,Fire Detection,Low,True,aud_659,2022-06-17,False
V0660,Plant Y,Emergency Shutdown,Critical,True,aud_660,2023-12-16,False
V0661,Rig A,Relief Valve,Medium,False,aud_661,2023-12-08,True
V0662,Rig A,Emergency Shutdown,High,False,aud_662,2024-01-06,True
V0663,Platform C,Gas Detection,Critical,True,aud_663,2022-10-29,False
V0664,Rig B,Relief Valve,Medium,True,aud_664,2022-03-19,False
V0665,Platform C,Gas Detection,Low,False,aud_665,2022-08-07,True
V0666,Rig B,Fire Detection,Critical,True,aud_666,2022-04-24,False
V0667,Terminal X,Fire Detection,High,False,aud_667,2023-06-06,True
V0668,Platform C,Blowout Preventer,Critical,True,aud_668,2023-01-30,False
V0669,Platform C,Fire Detection,Medium,False,aud_669,2022-06-02,True
V0670,Plant Y,Gas Detection,High,False,aud_670,2022-02-10,True
V0671,Platform C,Fire Detection,Critical,True,aud_671,2022-12-24,False
V0672,Rig B,Relief Valve,Low,False,aud_672,2022-03-27,True
V0673,Plant Y,Fire Detection,High,True,aud_673,2023-06-12,False
V0674,Platform C,Blowout Preventer,Low,True,aud_674,2023-10-21,False
V0675,Platform C,Fire Detection,Medium,True,aud_675,2023-12-10,False
V0676,Terminal X,Gas Detection,Critical,True,aud_676,2022-10-07,False
V0677,Platform C,Gas Detection,Low,False,aud_677,2023-01-27,True
V0678,Rig A,Fire Detection,Medium,True,aud_678,2023-05-17,False
V0679,Plant Y,Gas Detection,Critical,True,aud_679,2023-04-17,False
V0680,Rig A,Gas Detection,Medium,True,aud_680,2024-02-02,False
V0681,Plant Y,Blowout Preventer,Low,True,aud_681,2022-01-26,False
V0682,Terminal X,Relief Valve,Medium,False,aud_682,2023-08-31,True
V0683,Platform C,Blowout Preventer,High,True,aud_683,2024-02-28,False
V0684,Platform C,Emergency Shutdown,Critical,False,aud_684,2022-12-16,True
V0685,Platform C,Blowout Preventer,Medium,False,aud_685,2023-10-20,True
V0686,Plant Y,Fire Detection,Low,False,aud_686,2024-01-20,True
V0687,Platform C,Relief Valve,Critical,True,aud_687,2023-02-01,False
V0688,Rig A,Fire Detection,High,True,aud_688,2023-06-23,False
V0689,Platform C,Emergency Shutdown,Critical,True,aud_689,2022-11-10,False
V0690,Terminal X,Relief Valve,High,True,aud_690,2023-01-16,False
V0691,Rig A,Gas Detection,Critical,False,aud_691,2022-02-12,True
V0692,Platform C,Blowout Preventer,Medium,False,aud_692,2022-08-19,True
V0693,Platform C,Fire Detection,Medium,True,aud_693,2023-02-15,False
V0694,Rig B,Emergency Shutdown,Low,True,aud_694,2024-02-21,False
V0695,Plant Y,Gas Detection,High,True,aud_695,2023-10-12,False
V0696,Rig A,Blowout Preventer,Low,True,aud_696,2024-02-20,False
V0697,Rig B,Gas Detection,Medium,True,aud_697,2023-10-01,False
V0698,Terminal X,Blowout Preventer,High,True,aud_698,2023-09-21,False
V0699,Plant Y,Relief Valve,Low,True,aud_699,2022-06-22,False
V0700,Rig A,Gas Detection,Low,False,aud_700,2022-01-30,True
V0701,Platform C,Gas Detection,Low,False,aud_701,2023-12-13,True
V0702,Rig A,Gas Detection,Low,False,aud_702,2022-09-23,True
V0703,Platform C,Relief Valve,Low,False,aud_703,2022-01-05,True
V0704,Plant Y,Emergency Shutdown,High,True,aud_704,2022-02-01,False
V0705,Platform C,Blowout Preventer,Low,True,aud_705,2022-09-19,False
V0706,Terminal X,Gas Detection,High,True,aud_706,2023-11-12,False
V0707,Platform C,Relief Valve,Low,True,aud_707,2022-04-13,False
V0708,Terminal X,Emergency Shutdown,Medium,True,aud_708,2023-03-07,False
V0709,Plant Y,Blowout Preventer,Medium,False,aud_709,2023-08-03,True
V0710,Plant Y,Relief Valve,Low,True,aud_710,2023-07-09,False
V0711,Rig A,Blowout Preventer,Critical,False,aud_711,2023-05-11,True
V0712,Terminal X,Gas Detection,Medium,True,aud_712,2022-07-26,False
V0713,Terminal X,Emergency Shutdown,High,False,aud_713,2024-01-22,True
V0714,Rig B,Relief Valve,Low,True,aud_714,2022-12-15,False
V0715,Rig B,Emergency Shutdown,High,False,aud_715,2022-04-12,True
V0716,Rig B,Gas Detection,Critical,True,aud_716,2022-03-09,False
V0717,Platform C,Emergency Shutdown,Low,True,aud_717,2023-09-18,False
V0718,Rig B,Emergency Shutdown,Medium,True,aud_718,2022-07-10,False
V0719,Terminal X,Fire Detection,High,True,aud_719,2022-11-09,False
V0720,Platform C,Emergency Shutdown,Medium,False,aud_720,2023-06-24,True
V0721,Plant Y,Blowout Preventer,Medium,True,aud_721,2023-07-04,False
V0722,Rig A,Relief Valve,Low,False,aud_722,2022-05-01,True
V0723,Rig B,Fire Detection,High,True,aud_723,2022-06-22,False
V0724,Plant Y,Relief Valve,Critical,False,aud_724,2022-05-24,True
V0725,Terminal X,Relief Valve,Medium,True,aud_725,2023-01-25,False
V0726,Rig A,Gas Detection,Low,True,aud_726,2023-02-13,False
V0727,Plant Y,Gas Detection,Low,False,aud_727,2023-07-12,True
V0728,Rig A,Fire Detection,Critical,True,aud_728,2023-02-19,False
V0729,Rig B,Gas Detection,Low,True,aud_729,2024-01-12,False
V0730,Terminal X,Gas Detection,Medium,False,aud_730,2023-11-22,True
V0731,Rig A,Gas Detection,Low,True,aud_731,2022-04-05,False
V0732,Plant Y,Relief Valve,High,False,aud_732,2022-12-28,True
V0733,Rig B,Fire Detection,High,True,aud_733,2022-06-26,False
V0734,Rig B,Relief Valve,Medium,False,aud_734,2023-08-10,True
V0735,Plant Y,Blowout Preventer,High,False,aud_735,2023-10-30,True
V0736,Plant Y,Relief Valve,Critical,False,aud_736,2022-01-13,True
V0737,Rig A,Blowout Preventer,Low,False,aud_737,2022-04-23,True
V0738,Platform C,Emergency Shutdown,Medium,True,aud_738,2022-06-15,False
V0739,Rig B,Emergency Shutdown,Critical,True,aud_739,2024-02-20,False
V0740,Rig A,Blowout Preventer,Low,False,aud_740,2023-12-22,True
V0741,Plant Y,Blowout Preventer,Critical,True,aud_741,2022-11-28,False
V0742,Rig A,Relief Valve,Medium,True,aud_742,2022-09-17,False
V0743,Plant Y,Blowout Preventer,Medium,True,aud_743,2023-03-21,False
V0744,Terminal X,Fire Detection,Critical,False,aud_744,2023-09-28,True
V0745,Plant Y,Emergency Shutdown,Low,True,aud_745,2023-04-28,False
V0746,Plant Y,Emergency Shutdown,High,True,aud_746,2022-03-27,False
V0747,Plant Y,Blowout Preventer,High,False,aud_747,2022-01-24,True
V0748,Platform C,Gas Detection,Critical,True,aud_748,2022-02-21,False
V0749,Plant Y,Gas Detection,Medium,False,aud_749,2023-08-13,True
V0750,Rig B,Blowout Preventer,Low,False,aud_750,2022-07-22,True
V0751,Rig B,Fire Detection,Low,False,aud_751,2023-09-10,True
V0752,Rig A,Gas Detection,Medium,True,aud_752,2023-04-02,False
V0753,Platform C,Blowout Preventer,High,True,aud_753,2022-04-25,False
V0754,Rig A,Fire Detection,Low,False,aud_754,2022-08-05,True
V0755,Rig B,Fire Detection,Critical,False,aud_755,2023-11-11,True
V0756,Rig B,Relief Valve,High,False,aud_756,2022-10-06,True
V0757,Terminal X,Fire Detection,Critical,False,aud_757,2022-01-30,True
V0758,Plant Y,Gas Detection,High,False,aud_758,2023-12-22,True
V0759,Rig B,Gas Detection,Medium,False,aud_759,2023-11-06,True
V0760,Rig A,Blowout Preventer,Critical,True,aud_760,2023-09-14,False
V0761,Rig A,Blowout Preventer,Critical,False,aud_761,2022-10-13,True
V0762,Plant Y,Fire Detection,Medium,False,aud_762,2023-05-27,True
V0763,Plant Y,Emergency Shutdown,Critical,False,aud_763,2022-03-11,True
V0764,Terminal X,Relief Valve,High,True,aud_764,2023-11-11,False
V0765,Platform C,Emergency Shutdown,Low,True,aud_765,2022-11-17,False
V0766,Rig A,Fire Detection,Low,True,aud_766,2022-08-25,False
V0767,Plant Y,Fire Detection,Medium,True,aud_767,2023-05-31,False
V0768,Rig A,Emergency Shutdown,High,False,aud_768,2023-05-16,True
V0769,Plant Y,Relief Valve,Critical,True,aud_769,2023-09-10,False
V0770,Rig B,Emergency Shutdown,Critical,False,aud_770,2023-05-16,True
V0771,Rig A,Blowout Preventer,Low,False,aud_771,2022-02-15,True
V0772,Rig B,Gas Detection,Critical,False,aud_772,2023-06-30,True
V0773,Rig A,Blowout Preventer,Low,False,aud_773,2023-10-29,True
V0774,Platform C,Gas Detection,Medium,False,aud_774,2023-09-19,True
V0775,Terminal X,Fire Detection,Critical,False,aud_775,2024-02-07,True
V0776,Rig B,Relief Valve,High,True,aud_776,2022-06-05,False
V0777,Plant Y,Emergency Shutdown,Critical,True,aud_777,2023-07-27,False
V0778,Platform C,Relief Valve,Low,True,aud_778,2023-03-03,False
V0779,Rig A,Emergency Shutdown,Medium,True,aud_779,2023-01-09,False
V0780,Rig B,Blowout Preventer,Low,True,aud_780,2022-09-28,False
V0781,Rig A,Blowout Preventer,Critical,False,aud_781,2024-01-05,True
V0782,Rig A,Emergency Shutdown,Low,True,aud_782,2022-10-19,False
V0783,Rig A,Relief Valve,Low,True,aud_783,2023-08-28,False
V0784,Terminal X,Emergency Shutdown,Medium,True,aud_784,2023-11-17,False
V0785,Terminal X,Fire Detection,High,False,aud_785,2022-04-20,True
V0786,Plant Y,Blowout Preventer,Critical,False,aud_786,2022-07-24,True
V0787,Rig B,Fire Detection,Medium,False,aud_787,2024-01-20,True
V0788,Platform C,Blowout Preventer,High,True,aud_788,2022-06-29,False
V0789,Platform C,Blowout Preventer,Low,True,aud_789,2022-10-03,False
V0790,Platform C,Gas Detection,High,True,aud_790,2022-06-03,False
V0791,Rig A,Fire Detection,Low,True,aud_791,2022-11-17,False
V0792,Terminal X,Fire Detection,Low,True,aud_792,2023-09-30,False
V0793,Rig B,Gas Detection,Medium,False,aud_793,2023-06-04,True
V0794,Rig A,Relief Valve,Low,True,aud_794,2022-12-12,False
V0795,Terminal X,Fire Detection,Medium,False,aud_795,2023-05-08,True
V0796,Terminal X,Emergency Shutdown,High,True,aud_796,2023-12-12,False
V0797,Rig B,Gas Detection,High,False,aud_797,2022-07-09,True
V0798,Rig B,Fire Detection,Low,False,aud_798,2022-06-06,True
V0799,Rig B,Relief Valve,Medium,False,aud_799,2023-08-31,True
V0800,Rig A,Fire Detection,Low,False,aud_800,2023-11-27,True
V0801,Plant Y,Blowout Preventer,Medium,True,aud_801,2023-06-30,False
V0802,Rig B,Emergency Shutdown,Medium,True,aud_802,2022-12-24,False
V0803,Plant Y,Gas Detection,Medium,True,aud_803,2023-02-21,False
V0804,Rig A,Blowout Preventer,High,False,aud_804,2022-08-26,True
V0805,Plant Y,Relief Valve,Medium,True,aud_805,2022-03-08,False
V0806,Platform C,Blowout Preventer,High,True,aud_806,2023-02-26,False
V0807,Plant Y,Blowout Preventer,Medium,True,aud_807,2023-01-08,False
V0808,Rig B,Relief Valve,High,True,aud_808,2022-05-12,False
V0809,Rig A,Blowout Preventer,Critical,False,aud_809,2024-02-21,True
V0810,Rig B,Gas Detection,High,False,aud_810,2024-01-23,True
V0811,Platform C,Fire Detection,High,True,aud_811,2023-04-16,False
V0812,Rig B,Blowout Preventer,Low,True,aud_812,2023-11-27,False
V0813,Rig B,Gas Detection,Medium,True,aud_813,2022-11-27,False
V0814,Rig B,Fire Detection,Critical,False,aud_814,2022-05-02,True
V0815,Terminal X,Fire Detection,Low,False,aud_815,2022-04-29,True
V0816,Platform C,Blowout Preventer,Medium,False,aud_816,2022-06-30,True
V0817,Rig B,Gas Detection,Critical,True,aud_817,2023-01-04,False
V0818,Rig B,Blowout Preventer,Critical,False,aud_818,2023-05-05,True
V0819,Rig B,Relief Valve,Critical,False,aud_819,2023-10-28,True
V0820,Rig A,Fire Detection,Medium,False,aud_820,2022-01-02,True
V0821,Terminal X,Blowout Preventer,Critical,False,aud_821,2023-11-07,True
V0822,Rig A,Fire Detection,Critical,False,aud_822,2023-06-29,True
V0823,Terminal X,Gas Detection,Low,True,aud_823,2023-02-02,False
V0824,Rig B,Emergency Shutdown,High,True,aud_824,2022-07-15,False
V0825,Platform C,Blowout Preventer,Medium,True,aud_825,2023-10-10,False
V0826,Plant Y,Blowout Preventer,High,True,aud_826,2023-08-10,False
V0827,Plant Y,Fire Detection,Low,False,aud_827,2023-09-07,True
V0828,Rig B,Gas Detection,High,True,aud_828,2023-07-08,False
V0829,Rig A,Relief Valve,Critical,True,aud_829,2022-11-03,False
V0830,Platform C,Gas Detection,Critical,True,aud_830,2023-12-29,False
V0831,Terminal X,Blowout Preventer,Medium,False,aud_831,2023-06-15,True
V0832,Rig B,Relief Valve,Medium,True,aud_832,2023-04-24,False
V0833,Platform C,Gas Detection,Medium,False,aud_833,2022-10-25,True
V0834,Platform C,Emergency Shutdown,Low,False,aud_834,2023-10-19,True
V0835,Terminal X,Fire Detection,Medium,False,aud_835,2022-06-12,True
V0836,Platform C,Gas Detection,Low,True,aud_836,2022-06-05,False
V0837,Rig A,Gas Detection,Critical,False,aud_837,2022-11-22,True
V0838,Rig A,Emergency Shutdown,High,True,aud_838,2022-10-02,False
V0839,Rig A,Blowout Preventer,Critical,True,aud_839,2023-03-15,False
V0840,Platform C,Fire Detection,Critical,True,aud_840,2023-02-06,False
V0841,Rig A,Gas Detection,Critical,False,aud_841,2023-11-01,True
V0842,Terminal X,Relief Valve,Medium,False,aud_842,2023-08-07,True
V0843,Platform C,Gas Detection,Medium,True,aud_843,2022-09-04,False
V0844,Plant Y,Fire Detection,Medium,False,aud_844,2022-01-22,True
V0845,Platform C,Gas Detection,High,False,aud_845,2023-02-28,True
V0846,Terminal X,Emergency Shutdown,Medium,False,aud_846,2022-06-29,True
V0847,Plant Y,Gas Detection,Low,True,aud_847,2022-04-02,False
V0848,Platform C,Gas Detection,Critical,False,aud_848,2023-12-25,True
V0849,Rig A,Relief Valve,High,False,aud_849,2023-05-13,True
V0850,Rig B,Emergency Shutdown,High,True,aud_850,2022-05-05,False
V0851,Rig B,Emergency Shutdown,High,False,aud_851,2023-02-05,True
V0852,Rig A,Gas Detection,High,True,aud_852,2023-02-04,False
V0853,Rig B,Relief Valve,High,False,aud_853,2023-07-22,True
V0854,Rig B,Gas Detection,Low,False,aud_854,2022-10-01,True
V0855,Rig A,Gas Detection,Critical,False,aud_855,2022-04-04,True
V0856,Rig A,Fire Detection,High,False,aud_856,2023-06-05,True
V0857,Platform C,Fire Detection,Critical,False,aud_857,2023-06-10,True
V0858,Platform C,Relief Valve,Medium,False,aud_858,2023-11-29,True
V0859,Rig A,Blowout Preventer,High,True,aud_859,2023-12-17,False
V0860,Terminal X,Fire Detection,High,False,aud_860,2023-01-03,True
V0861,Rig B,Blowout Preventer,Critical,False,aud_861,2023-04-19,True
V0862,Platform C,Emergency Shutdown,High,False,aud_862,2023-08-17,True
V0863,Rig B,Fire Detection,High,True,aud_863,2023-09-18,False
V0864,Plant Y,Fire Detection,High,True,aud_864,2023-06-02,False
V0865,Rig A,Relief Valve,Low,True,aud_865,2022-07-04,False
V0866,Terminal X,Blowout Preventer,Low,False,aud_866,2023-02-03,True
V0867,Plant Y,Fire Detection,High,False,aud_867,2023-12-07,True
V0868,Plant Y,Fire Detection,Low,True,aud_868,2023-02-27,False
V0869,Plant Y,Relief Valve,Medium,True,aud_869,2022-01-10,False
V0870,Rig A,Relief Valve,High,True,aud_870,2023-01-17,False
V0871,Platform C,Blowout Preventer,Medium,False,aud_871,2023-05-01,True
V0872,Rig A,Emergency Shutdown,Critical,True,aud_872,2022-02-16,False
V0873,Platform C,Emergency Shutdown,Medium,False,aud_873,2022-07-09,True
V0874,Plant Y,Gas Detection,Critical,False,aud_874,2023-03-23,True
V0875,Plant Y,Fire Detection,High,False,aud_875,2022-04-11,True
V0876,Terminal X,Blowout Preventer,Critical,True,aud_876,2022-03-05,False
V0877,Platform C,Fire Detection,Critical,False,aud_877,2022-07-28,True
V0878,Plant Y,Blowout Preventer,Medium,True,aud_878,2023-02-04,False
V0879,Rig B,Blowout Preventer,Medium,True,aud_879,2023-12-13,False
V0880,Terminal X,Blowout Preventer,Medium,True,aud_880,2023-11-22,False
V0881,Rig A,Fire Detection,High,True,aud_881,2022-07-03,False
V0882,Terminal X,Relief Valve,High,False,aud_882,2022-04-06,True
V0883,Rig B,Fire Detection,Medium,False,aud_883,2022-08-20,True
V0884,Platform C,Blowout Preventer,High,False,aud_884,2022-09-29,True
V0885,Rig A,Gas Detection,High,False,aud_885,2023-09-11,True
V0886,Rig A,Emergency Shutdown,Critical,True,aud_886,2023-11-15,False
V0887,Platform C,Blowout Preventer,Critical,True,aud_887,2022-12-12,False
V0888,Terminal X,Gas Detection,Medium,True,aud_888,2023-09-24,False
V0889,Plant Y,Relief Valve,High,True,aud_889,2023-11-04,False
V0890,Terminal X,Blowout Preventer,Critical,False,aud_890,2022-02-27,True
V0891,Rig B,Gas Detection,Low,True,aud_891,2022-12-22,False
V0892,Plant Y,Blowout Preventer,High,False,aud_892,2024-02-01,True
V0893,Terminal X,Fire Detection,Low,True,aud_893,2023-04-06,False
V0894,Platform C,Gas Detection,Medium,True,aud_894,2023-04-15,False
V0895,Rig B,Fire Detection,High,True,aud_895,2022-09-23,False
V0896,Rig B,Fire Detection,Medium,True,aud_896,2022-10-18,False
V0897,Rig B,Gas Detection,Medium,False,aud_897,2023-01-19,True
V0898,Plant Y,Emergency Shutdown,Medium,False,aud_898,2022-04-06,True
V0899,Rig A,Gas Detection,Medium,False,aud_899,2023-05-06,True
V0900,Plant Y,Emergency Shutdown,Medium,False,aud_900,2022-12-09,True
V0901,Terminal X,Blowout Preventer,High,True,aud_901,2022-12-03,False
V0902,Rig A,Blowout Preventer,Low,True,aud_902,2023-11-07,False
V0903,Terminal X,Gas Detection,High,False,aud_903,2022-11-08,True
V0904,Rig A,Blowout Preventer,High,False,aud_904,2023-02-23,True
V0905,Plant Y,Relief Valve,High,True,aud_905,2022-10-13,False
V0906,Rig B,Fire Detection,Critical,True,aud_906,2022-06-16,False
V0907,Platform C,Fire Detection,Critical,False,aud_907,2022-01-13,True
V0908,Rig B,Emergency Shutdown,High,False,aud_908,2023-03-25,True
V0909,Plant Y,Blowout Preventer,Low,False,aud_909,2024-02-08,True
V0910,Rig A,Emergency Shutdown,High,True,aud_910,2023-01-12,False
V0911,Rig B,Fire Detection,Medium,False,aud_911,2024-01-12,True
V0912,Plant Y,Fire Detection,Critical,False,aud_912,2022-09-15,True
V0913,Terminal X,Blowout Preventer,Critical,False,aud_913,2022-01-24,True
V0914,Platform C,Relief Valve,High,False,aud_914,2022-03-17,True
V0915,Rig B,Relief Valve,High,False,aud_915,2023-01-27,True
V0916,Rig A,Blowout Preventer,Low,True,aud_916,2022-08-04,False
V0917,Terminal X,Blowout Preventer,Low,False,aud_917,2023-04-17,True
V0918,Plant Y,Emergency Shutdown,Medium,True,aud_918,2023-04-22,False
V0919,Platform C,Blowout Preventer,High,False,aud_919,2022-09-20,True
V0920,Rig A,Relief Valve,High,False,aud_920,2023-07-05,True
V0921,Plant Y,Blowout Preventer,High,False,aud_921,2023-08-11,True
V0922,Plant Y,Emergency Shutdown,Critical,True,aud_922,2022-05-27,False
V0923,Rig B,Emergency Shutdown,Medium,True,aud_923,2022-07-22,False
V0924,Rig B,Emergency Shutdown,Low,True,aud_924,2023-09-12,False
V0925,Rig A,Emergency Shutdown,Critical,False,aud_925,2022-06-11,True
V0926,Plant Y,Gas Detection,Critical,False,aud_926,2023-12-22,True
V0927,Rig B,Blowout Preventer,Critical,True,aud_927,2023-08-15,False
V0928,Platform C,Fire Detection,Critical,True,aud_928,2022-05-25,False
V0929,Platform C,Blowout Preventer,Medium,False,aud_929,2024-01-25,True
V0930,Plant Y,Gas Detection,High,True,aud_930,2022-02-01,False
V0931,Rig B,Emergency Shutdown,Low,False,aud_931,2022-02-12,True
V0932,Rig A,Gas Detection,Low,True,aud_932,2022-11-15,False
V0933,Rig A,Relief Valve,Critical,True,aud_933,2022-02-18,False
V0934,Rig A,Relief Valve,Critical,True,aud_934,2023-08-05,False
V0935,Platform C,Blowout Preventer,Medium,False,aud_935,2023-08-14,True
V0936,Rig B,Blowout Preventer,Critical,False,aud_936,2024-01-24,True
V0937,Rig B,Fire Detection,Low,True,aud_937,2023-05-19,False
V0938,Platform C,Fire Detection,Low,False,aud_938,2022-11-09,True
V0939,Rig A,Relief Valve,High,False,aud_939,2022-07-12,True
V0940,Rig A,Emergency Shutdown,High,False,aud_940,2022-06-23,True
V0941,Plant Y,Gas Detection,Low,False,aud_941,2023-08-31,True
V0942,Terminal X,Fire Detection,Low,True,aud_942,2022-07-09,False
V0943,Rig B,Fire Detection,Medium,False,aud_943,2022-03-31,True
V0944,Rig B,Emergency Shutdown,Medium,False,aud_944,2023-03-01,True
V0945,Rig B,Emergency Shutdown,Low,True,aud_945,2024-01-06,False
V0946,Terminal X,Blowout Preventer,Critical,False,aud_946,2023-05-09,True
V0947,Plant Y,Gas Detection,High,False,aud_947,2022-03-23,True
V0948,Terminal X,Emergency Shutdown,Low,False,aud_948,2023-12-09,True
V0949,Rig A,Fire Detection,Critical,True,aud_949,2022-01-12,False
V0950,Rig A,Fire Detection,Low,True,aud_950,2022-01-22,False
V0951,Rig B,Relief Valve,High,False,aud_951,2023-04-03,True
V0952,Platform C,Emergency Shutdown,High,False,aud_952,2022-03-30,True
V0953,Rig B,Blowout Preventer,Medium,True,aud_953,2022-09-17,False
V0954,Platform C,Gas Detection,Medium,True,aud_954,2023-05-09,False
V0955,Terminal X,Blowout Preventer,Medium,True,aud_955,2023-12-28,False
V0956,Rig A,Fire Detection,Medium,False,aud_956,2023-09-30,True
V0957,Platform C,Blowout Preventer,High,False,aud_957,2023-09-22,True
V0958,Terminal X,Fire Detection,Critical,True,aud_958,2023-04-02,False
V0959,Rig A,Fire Detection,Critical,False,aud_959,2023-07-07,True
V0960,Platform C,Fire Detection,Critical,False,aud_960,2023-11-18,True
V0961,Rig B,Fire Detection,Low,False,aud_961,2023-12-13,True
V0962,Rig B,Fire Detection,Medium,False,aud_962,2022-05-22,True
V0963,Rig B,Relief Valve,Medium,False,aud_963,2022-04-30,True
V0964,Terminal X,Blowout Preventer,High,False,aud_964,2022-06-26,True
V0965,Rig B,Relief Valve,High,False,aud_965,2022-09-05,True
V0966,Plant Y,Relief Valve,Low,True,aud_966,2023-02-07,False
V0967,Rig A,Emergency Shutdown,Low,True,aud_967,2023-05-12,False
V0968,Terminal X,Emergency Shutdown,Critical,True,aud_968,2022-04-22,False
V0969,Rig B,Emergency Shutdown,High,True,aud_969,2023-05-23,False
V0970,Rig A,Gas Detection,Medium,True,aud_970,2023-01-24,False
V0971,Platform C,Emergency Shutdown,Critical,True,aud_971,2023-11-22,False
V0972,Rig B,Blowout Preventer,Medium,True,aud_972,2023-01-26,False
V0973,Rig A,Relief Valve,Critical,True,aud_973,2023-08-08,False
V0974,Plant Y,Blowout Preventer,Medium,True,aud_974,2022-01-19,False
V0975,Platform C,Emergency Shutdown,Low,False,aud_975,2023-06-13,True
V0976,Plant Y,Gas Detection,Critical,False,aud_976,2023-03-06,True
V0977,Rig A,Gas Detection,Medium,True,aud_977,2023-03-11,False
V0978,Plant Y,Relief Valve,Medium,False,aud_978,2023-01-05,True
V0979,Rig A,Blowout Preventer,High,False,aud_979,2024-02-09,True
V0980,Rig A,Fire Detection,Critical,True,aud_980,2023-05-16,False
V0981,Plant Y,Blowout Preventer,Medium,True,aud_981,2023-07-20,False
V0982,Rig A,Emergency Shutdown,High,True,aud_982,2023-09-25,False
V0983,Rig B,Fire Detection,Medium,False,aud_983,2023-06-20,True
V0984,Rig A,Gas Detection,Critical,False,aud_984,2022-11-28,True
V0985,Terminal X,Relief Valve,Low,True,aud_985,2023-07-07,False
V0986,Rig A,Relief Valve,Critical,False,aud_986,2023-10-28,True
V0987,Terminal X,Gas Detection,Critical,False,aud_987,2023-11-14,True
V0988,Rig A,Emergency Shutdown,Medium,False,aud_988,2022-03-03,True
V0989,Rig A,Gas Detection,Medium,True,aud_989,2022-06-11,False
V0990,Plant Y,Emergency Shutdown,Critical,False,aud_990,2023-09-15,True
V0991,Rig B,Fire Detection,High,False,aud_991,2023-11-05,True
V0992,Rig B,Gas Detection,High,False,aud_992,2023-05-29,True
V0993,Platform C,Emergency Shutdown,High,False,aud_993,2023-03-05,True
V0994,Plant Y,Fire Detection,Medium,False,aud_994,2023-05-05,True
V0995,Plant Y,Gas Detection,Medium,False,aud_995,2023-01-09,True
V0996,Rig B,Relief Valve,Critical,False,aud_996,2022-02-01,True
V0997,Plant Y,Gas Detection,Low,True,aud_997,2022-11-08,False
V0998,Rig B,Blowout Preventer,Medium,True,aud_998,2022-03-14,False
V0999,Plant Y,Gas Detection,Critical,False,aud_999,2022-01-14,True
