Employee,Module,Completion Date,Score,Assessor,Source,Passed
emp_0,Permit to Work,2022-08-29,41,assessor_0,Nintex,False
emp_1,LOTO,2022-02-09,89,assessor_1,Smartsheet,True
emp_2,Dropped Objects,2023-12-26,60,assessor_2,Nintex,True
emp_3,Process Safety,2023-06-28,72,assessor_3,Nintex,True
emp_4,Dropped Objects,2023-01-13,63,assessor_4,Nintex,True
emp_5,Hazard ID,2023-11-07,92,assessor_5,Smartsheet,True
emp_6,Dropped Objects,2023-02-24,83,assessor_6,Smartsheet,True
emp_7,LOTO,2022-07-14,81,assessor_7,Smartsheet,True
emp_8,Dropped Objects,2024-01-25,73,assessor_8,Nintex,True
emp_9,Permit to Work,2023-04-06,99,assessor_9,Nintex,True
emp_10,Process Safety,2023-02-07,48,assessor_10,Smartsheet,False
emp_11,LOTO,2022-10-22,41,assessor_11,Nintex,False
emp_12,Hazard ID,2022-10-01,94,assessor_12,Nintex,True
emp_13,Process Safety,2023-09-27,95,assessor_13,Nintex,True
emp_14,Process Safety,2022-06-09,69,assessor_14,Smartsheet,True
emp_15,Permit to Work,2023-09-22,61,assessor_15,Nintex,True
emp_16,Permit to Work,2023-06-09,85,assessor_16,Nintex,True
emp_17,Permit to Work,2023-03-20,50,assessor_17,Smartsheet,False
emp_18,LOTO,2022-10-07,94,assessor_18,Smartsheet,True
emp_19,Dropped Objects,2023-12-14,82,assessor_19,Smartsheet,True
emp_20,Process Safety,2024-02-25,56,assessor_20,Smartsheet,False
emp_21,Dropped Objects,2022-01-25,75,assessor_21,Smartsheet,True
emp_22,Dropped Objects,2022-09-07,52,assessor_22,Smartsheet,False
emp_23,Permit to Work,2022-01-01,46,assessor_23,Nintex,False
emp_24,Dropped Objects,2022-12-02,55,assessor_24,Nintex,False
emp_25,Process Safety,2022-09-01,72,assessor_25,Nintex,True
emp_26,Process Safety,2022-06-30,84,assessor_26,Nintex,True
emp_27,Hazard ID,2022-03-16,40,assessor_27,Smartsheet,False
emp_28,LOTO,2023-07-01,50,assessor_28,Nintex,False
emp_29,Dropped Objects,2022-07-31,45,assessor_29,Smartsheet,False
emp_30,LOTO,2022-07-19,59,assessor_30,Smartsheet,False
emp_31,LOTO,2022-06-05,74,assessor_31,Nintex,True
emp_32,LOTO,2023-02-07,83,assessor_32,Nintex,True
emp_33,LOTO,2023-10-06,76,assessor_33,Smartsheet,True
emp_34,Process Safety,2023-01-08,80,assessor_34,Smartsheet,True
emp_35,Dropped Objects,2022-06-13,65,assessor_35,Smartsheet,True
emp_36,Hazard ID,2022-03-11,97,assessor_36,Smartsheet,True
emp_37,LOTO,2023-08-23,51,assessor_37,Nintex,False
emp_38,Hazard ID,2022-02-25,69,assessor_38,Smartsheet,True
emp_39,Process Safety,2023-06-20,67,assessor_39,Nintex,True
emp_40,Process Safety,2022-04-07,66,assessor_40,Smartsheet,True
emp_41,Permit to Work,2022-06-10,81,assessor_41,Smartsheet,True
emp_42,LOTO,2022-02-13,58,assessor_42,Smartsheet,False
emp_43,Permit to Work,2024-01-30,44,assessor_43,Nintex,False
emp_44,Hazard ID,2022-06-06,97,assessor_44,Smartsheet,True
emp_45,Dropped Objects,2022-01-06,44,assessor_45,Nintex,False
emp_46,Permit to Work,2023-05-08,80,assessor_46,Nintex,True
emp_47,Process Safety,2022-03-12,66,assessor_47,Nintex,True
emp_48,LOTO,2023-10-08,67,assessor_48,Smartsheet,True
emp_49,Hazard ID,2022-02-25,65,assessor_49,Nintex,True
emp_50,Process Safety,2022-10-08,66,assessor_0,Nintex,True
emp_51,Dropped Objects,2023-10-11,91,assessor_1,Smartsheet,True
emp_52,LOTO,2022-09-26,88,assessor_2,Smartsheet,True
emp_53,Dropped Objects,2023-03-25,81,assessor_3,Nintex,True
emp_54,Dropped Objects,2022-07-03,60,assessor_4,Nintex,True
emp_55,LOTO,2023-01-03,40,assessor_5,Smartsheet,False
emp_56,LOTO,2022-02-02,93,assessor_6,Nintex,True
emp_57,Dropped Objects,2022-10-24,67,assessor_7,Nintex,True
emp_58,Hazard ID,2023-10-03,87,assessor_8,Nintex,True
emp_59,LOTO,2022-04-28,97,assessor_9,Smartsheet,True
emp_60,Process Safety,2022-10-02,97,assessor_10,Nintex,True
emp_61,Permit to Work,2023-11-25,54,assessor_11,Smartsheet,False
emp_62,Hazard ID,2023-08-21,94,assessor_12,Smartsheet,True
emp_63,LOTO,2023-05-20,56,assessor_13,Smartsheet,False
emp_64,LOTO,2023-06-03,65,assessor_14,Nintex,True
emp_65,Hazard ID,2022-04-21,59,assessor_15,Smartsheet,False
emp_66,Permit to Work,2022-10-29,64,assessor_16,Nintex,True
emp_67,Dropped Objects,2023-09-04,52,assessor_17,Smartsheet,False
emp_68,Process Safety,2023-01-21,72,assessor_18,Nintex,True
emp_69,LOTO,2022-01-13,64,assessor_19,Nintex,True
emp_70,Permit to Work,2022-06-23,47,assessor_20,Nintex,False
emp_71,Process Safety,2023-07-11,44,assessor_21,Smartsheet,False
emp_72,Hazard ID,2023-04-18,45,assessor_22,Nintex,False
emp_73,LOTO,2022-03-17,62,assessor_23,Nintex,True
emp_74,Dropped Objects,2023-11-03,91,assessor_24,Smartsheet,True
emp_75,Hazard ID,2022-07-26,69,assessor_25,Smartsheet,True
emp_76,LOTO,2023-02-28,53,assessor_26,Nintex,False
emp_77,Permit to Work,2023-12-15,93,assessor_27,Smartsheet,True
emp_78,Process Safety,2023-08-30,62,assessor_28,Smartsheet,True
emp_79,Process Safety,2022-11-01,50,assessor_29,Smartsheet,False
emp_80,LOTO,2024-01-05,70,assessor_30,Nintex,True
emp_81,Hazard ID,2024-01-28,45,assessor_31,Smartsheet,False
emp_82,Dropped Objects,2022-07-30,50,assessor_32,Nintex,False
emp_83,Permit to Work,2023-10-08,52,assessor_33,Smartsheet,False
emp_84,LOTO,2022-02-17,51,assessor_34,Smartsheet,False
emp_85,Permit to Work,2022-02-06,93,assessor_35,Nintex,True
emp_86,Process Safety,2023-05-11,41,assessor_36,Smartsheet,False
emp_87,Dropped Objects,2024-02-19,92,assessor_37,Smartsheet,True
emp_88,Permit to Work,2022-03-14,74,assessor_38,Smartsheet,True
emp_89,LOTO,2023-04-14,94,assessor_39,Smartsheet,True
emp_90,Dropped Objects,2023-04-06,75,assessor_40,Nintex,True
emp_91,Hazard ID,2022-04-02,56,assessor_41,Nintex,False
emp_92,LOTO,2022-08-07,67,assessor_42,Nintex,True
emp_93,Permit to Work,2023-04-03,67,assessor_43,Nintex,True
emp_94,Dropped Objects,2023-11-08,61,assessor_44,Nintex,True
emp_95,LOTO,2022-07-11,77,assessor_45,Nintex,True
emp_96,Dropped Objects,2023-11-19,46,assessor_46,Nintex,False
emp_97,Dropped Objects,2022-03-08,54,assessor_47,Smartsheet,False
emp_98,Dropped Objects,2023-08-16,71,assessor_48,Nintex,True
emp_99,Permit to Work,2023-09-09,50,assessor_49,Nintex,False
emp_100,LOTO,2023-04-27,63,assessor_0,Nintex,True
emp_101,Process Safety,2022-10-03,42,assessor_1,Smartsheet,False
emp_102,Process Safety,2022-12-29,69,assessor_2,Nintex,True
emp_103,Permit to Work,2023-01-07,45,assessor_3,Nintex,False
emp_104,Permit to Work,2022-03-23,97,assessor_4,Nintex,True
emp_105,Dropped Objects,2023-04-16,41,assessor_5,Smartsheet,False
emp_106,LOTO,2022-06-10,100,assessor_6,Nintex,True
emp_107,LOTO,2022-09-05,53,assessor_7,Smartsheet,False
emp_108,Hazard ID,2023-08-21,80,assessor_8,Smartsheet,True
emp_109,Hazard ID,2022-07-23,57,assessor_9,Smartsheet,False
emp_110,Process Safety,2023-04-23,90,assessor_10,Smartsheet,True
emp_111,Hazard ID,2022-04-22,83,assessor_11,Nintex,True
emp_112,Hazard ID,2022-02-21,70,assessor_12,Smartsheet,True
emp_113,Process Safety,2023-04-05,52,assessor_13,Smartsheet,False
emp_114,Process Safety,2022-12-05,65,assessor_14,Nintex,True
emp_115,Hazard ID,2023-07-03,83,assessor_15,Smartsheet,True
emp_116,LOTO,2023-07-19,51,assessor_16,Smartsheet,False
emp_117,Hazard ID,2023-07-06,57,assessor_17,Smartsheet,False
emp_118,Dropped Objects,2024-02-29,48,assessor_18,Smartsheet,False
emp_119,Dropped Objects,2023-06-30,88,assessor_19,Smartsheet,True
emp_120,Dropped Objects,2023-04-10,60,assessor_20,Smartsheet,True
emp_121,Permit to Work,2023-09-08,87,assessor_21,Nintex,True
emp_122,Dropped Objects,2023-06-14,88,assessor_22,Nintex,True
emp_123,LOTO,2023-06-19,92,assessor_23,Nintex,True
emp_124,Permit to Work,2023-05-11,95,assessor_24,Nintex,True
emp_125,Permit to Work,2023-03-01,79,assessor_25,Smartsheet,True
emp_126,Dropped Objects,2023-01-10,82,assessor_26,Smartsheet,True
emp_127,Hazard ID,2022-08-17,63,assessor_27,Smartsheet,True
emp_128,Process Safety,2022-02-08,73,assessor_28,Nintex,True
emp_129,Hazard ID,2022-05-02,47,assessor_29,Nintex,False
emp_130,Hazard ID,2022-12-30,83,assessor_30,Smartsheet,True
emp_131,Permit to Work,2023-07-24,92,assessor_31,Smartsheet,True
emp_132,Permit to Work,2022-01-09,72,assessor_32,Nintex,True
emp_133,Permit to Work,2024-01-30,62,assessor_33,Nintex,True
emp_134,LOTO,2023-09-14,52,assessor_34,Nintex,False
emp_135,LOTO,2023-01-28,93,assessor_35,Nintex,True
emp_136,Process Safety,2022-09-10,92,assessor_36,Smartsheet,True
emp_137,Permit to Work,2023-06-20,88,assessor_37,Nintex,True
emp_138,Dropped Objects,2023-05-27,53,assessor_38,Nintex,False
emp_139,Permit to Work,2022-04-28,53,assessor_39,Smartsheet,False
emp_140,LOTO,2022-03-17,55,assessor_40,Smartsheet,False
emp_141,Permit to Work,2023-05-28,88,assessor_41,Smartsheet,True
emp_142,LOTO,2024-01-29,77,assessor_42,Nintex,True
emp_143,Permit to Work,2023-05-01,97,assessor_43,Nintex,True
emp_144,Dropped Objects,2023-11-06,99,assessor_44,Nintex,True
emp_145,Process Safety,2022-07-14,78,assessor_45,Nintex,True
emp_146,Dropped Objects,2023-02-13,65,assessor_46,Smartsheet,True
emp_147,LOTO,2022-03-27,65,assessor_47,Smartsheet,True
emp_148,Hazard ID,2023-08-07,40,assessor_48,Nintex,False
emp_149,Dropped Objects,2023-07-07,71,assessor_49,Nintex,True
emp_150,Permit to Work,2023-06-16,96,assessor_0,Nintex,True
emp_151,Process Safety,2022-03-24,54,assessor_1,Smartsheet,False
emp_152,Permit to Work,2022-05-13,91,assessor_2,Nintex,True
emp_153,Permit to Work,2023-02-06,60,assessor_3,Smartsheet,True
emp_154,Dropped Objects,2023-01-20,57,assessor_4,Nintex,False
emp_155,Process Safety,2024-01-13,69,assessor_5,Smartsheet,True
emp_156,Hazard ID,2022-12-23,99,assessor_6,Smartsheet,True
emp_157,Permit to Work,2022-09-01,97,assessor_7,Nintex,True
emp_158,Process Safety,2023-02-27,52,assessor_8,Smartsheet,False
emp_159,Hazard ID,2023-08-19,63,assessor_9,Smartsheet,True
emp_160,Permit to Work,2023-06-10,69,assessor_10,Nintex,True
emp_161,Process Safety,2023-03-20,41,assessor_11,Smartsheet,False
emp_162,Dropped Objects,2023-07-05,58,assessor_12,Nintex,False
emp_163,Permit to Work,2022-09-20,86,assessor_13,Smartsheet,True
emp_164,Permit to Work,2023-10-01,83,assessor_14,Smartsheet,True
emp_165,Process Safety,2023-03-13,86,assessor_15,Smartsheet,True
emp_166,Permit to Work,2022-11-09,64,assessor_16,Smartsheet,True
emp_167,Hazard ID,2022-12-01,89,assessor_17,Nintex,True
emp_168,Permit to Work,2023-08-19,53,assessor_18,Nintex,False
emp_169,LOTO,2022-06-24,45,assessor_19,Nintex,False
emp_170,Hazard ID,2022-11-15,51,assessor_20,Smartsheet,False
emp_171,Process Safety,2022-03-04,59,assessor_21,Smartsheet,False
emp_172,Hazard ID,2022-10-07,62,assessor_22,Nintex,True
emp_173,LOTO,2022-07-08,69,assessor_23,Nintex,True
emp_174,LOTO,2023-10-09,69,assessor_24,Nintex,True
emp_175,Permit to Work,2023-01-27,77,assessor_25,Nintex,True
emp_176,Permit to Work,2023-08-15,97,assessor_26,Smartsheet,True
emp_177,Dropped Objects,2023-07-27,69,assessor_27,Nintex,True
emp_178,Hazard ID,2023-02-05,80,assessor_28,Smartsheet,True
emp_179,Dropped Objects,2023-05-05,69,assessor_29,Nintex,True
emp_180,LOTO,2022-02-04,96,assessor_30,Smartsheet,True
emp_181,Permit to Work,2022-07-24,97,assessor_31,Nintex,True
emp_182,Permit to Work,2024-02-15,75,assessor_32,Nintex,True
emp_183,Permit to Work,2023-04-16,88,assessor_33,Smartsheet,True
emp_184,Process Safety,2022-03-08,73,assessor_34,Smartsheet,True
emp_185,LOTO,2022-07-29,55,assessor_35,Nintex,False
emp_186,Permit to Work,2022-10-28,63,assessor_36,Smartsheet,True
emp_187,LOTO,2024-01-27,53,assessor_37,Nintex,False
emp_188,Permit to Work,2022-05-14,65,assessor_38,Smartsheet,True
emp_189,Hazard ID,2023-07-08,47,assessor_39,Nintex,False
emp_190,LOTO,2022-03-07,53,assessor_40,Nintex,False
emp_191,Dropped Objects,2022-04-14,70,assessor_41,Nintex,True
emp_192,Process Safety,2022-04-14,41,assessor_42,Nintex,False
emp_193,Dropped Objects,2022-01-10,87,assessor_43,Nintex,True
emp_194,LOTO,2023-03-29,43,assessor_44,Nintex,False
emp_195,Permit to Work,2023-01-27,40,assessor_45,Nintex,False
emp_196,LOTO,2022-03-02,94,assessor_46,Nintex,True
emp_197,Process Safety,2023-11-08,59,assessor_47,Smartsheet,False
emp_198,LOTO,2022-02-02,98,assessor_48,Smartsheet,True
emp_199,Permit to Work,2022-08-27,53,assessor_49,Smartsheet,False
emp_200,Dropped Objects,2022-05-06,79,assessor_0,Nintex,True
emp_201,Hazard ID,2023-11-03,64,assessor_1,Nintex,True
emp_202,Dropped Objects,2023-12-17,99,assessor_2,Nintex,True
emp_203,Permit to Work,2024-01-26,64,assessor_3,Smartsheet,True
emp_204,Permit to Work,2023-02-18,42,assessor_4,Smartsheet,False
emp_205,Process Safety,2023-04-20,44,assessor_5,Smartsheet,False
emp_206,LOTO,2023-10-12,77,assessor_6,Smartsheet,True
emp_207,LOTO,2023-03-22,93,assessor_7,Smartsheet,True
emp_208,Dropped Objects,2022-01-03,65,assessor_8,Nintex,True
emp_209,Hazard ID,2023-12-14,79,assessor_9,Smartsheet,True
emp_210,Hazard ID,2022-06-19,77,assessor_10,Nintex,True
emp_211,Process Safety,2022-08-27,77,assessor_11,Nintex,True
emp_212,Permit to Work,2023-02-02,43,assessor_12,Nintex,False
emp_213,Process Safety,2024-02-17,46,assessor_13,Smartsheet,False
emp_214,LOTO,2023-12-14,69,assessor_14,Smartsheet,True
emp_215,Permit to Work,2023-07-21,69,assessor_15,Nintex,True
emp_216,Process Safety,2022-08-09,95,assessor_16,Smartsheet,True
emp_217,Dropped Objects,2023-02-12,58,assessor_17,Smartsheet,False
emp_218,LOTO,2023-07-29,78,assessor_18,Nintex,True
emp_219,Hazard ID,2023-02-05,74,assessor_19,Nintex,True
emp_220,Process Safety,2023-10-21,79,assessor_20,Nintex,True
emp_221,LOTO,2024-01-16,72,assessor_21,Nintex,True
emp_222,LOTO,2022-04-07,72,assessor_22,Nintex,True
emp_223,Hazard ID,2023-06-16,53,assessor_23,Smartsheet,False
emp_224,Hazard ID,2023-07-19,77,assessor_24,Nintex,True
emp_225,Hazard ID,2023-06-24,49,assessor_25,Smartsheet,False
emp_226,Process Safety,2023-11-11,96,assessor_26,Smartsheet,True
emp_227,Hazard ID,2022-02-08,67,assessor_27,Nintex,True
emp_228,Dropped Objects,2022-05-08,53,assessor_28,Nintex,False
emp_229,LOTO,2024-01-02,75,assessor_29,Smartsheet,True
emp_230,Hazard ID,2022-12-26,77,assessor_30,Nintex,True
emp_231,LOTO,2023-01-28,55,assessor_31,Smartsheet,False
emp_232,Permit to Work,2024-01-18,99,assessor_32,Nintex,True
emp_233,Permit to Work,2023-01-20,60,assessor_33,Nintex,True
emp_234,Hazard ID,2022-11-20,67,assessor_34,Smartsheet,True
emp_235,LOTO,2023-07-28,72,assessor_35,Smartsheet,True
emp_236,Permit to Work,2022-07-24,45,assessor_36,Nintex,False
emp_237,Hazard ID,2022-01-22,80,assessor_37,Nintex,True
emp_238,LOTO,2023-05-10,54,assessor_38,Nintex,False
emp_239,Hazard ID,2023-02-07,83,assessor_39,Smartsheet,True
emp_240,LOTO,2023-10-28,42,assessor_40,Nintex,False
emp_241,Permit to Work,2023-12-26,82,assessor_41,Nintex,True
emp_242,Hazard ID,2022-11-14,86,assessor_42,Nintex,True
emp_243,Permit to Work,2023-12-27,74,assessor_43,Nintex,True
emp_244,Hazard ID,2022-04-11,53,assessor_44,Smartsheet,False
emp_245,Process Safety,2023-10-08,41,assessor_45,Smartsheet,False
emp_246,Permit to Work,2022-10-12,68,assessor_46,Smartsheet,True
emp_247,Permit to Work,2022-11-09,43,assessor_47,Nintex,False
emp_248,Dropped Objects,2023-04-29,65,assessor_48,Nintex,True
emp_249,Permit to Work,2023-11-14,90,assessor_49,Nintex,True
emp_250,LOTO,2022-03-14,51,assessor_0,Smartsheet,False
emp_251,Hazard ID,2023-03-15,41,assessor_1,Smartsheet,False
emp_252,Process Safety,2024-02-02,56,assessor_2,Smartsheet,False
emp_253,LOTO,2022-10-17,74,assessor_3,Smartsheet,True
emp_254,LOTO,2022-04-15,49,assessor_4,Nintex,False
emp_255,LOTO,2022-09-14,87,assessor_5,Smartsheet,True
emp_256,LOTO,2024-02-27,61,assessor_6,Smartsheet,True
emp_257,Process Safety,2023-06-12,80,assessor_7,Nintex,True
emp_258,Dropped Objects,2022-06-25,82,assessor_8,Smartsheet,True
emp_259,Permit to Work,2023-06-08,60,assessor_9,Nintex,True
emp_260,LOTO,2022-10-14,54,assessor_10,Nintex,False
emp_261,Permit to Work,2023-03-16,74,assessor_11,Nintex,True
emp_262,Permit to Work,2022-11-16,87,assessor_12,Nintex,True
emp_263,LOTO,2022-05-17,60,assessor_13,Nintex,True
emp_264,Dropped Objects,2022-01-19,60,assessor_14,Smartsheet,True
emp_265,Permit to Work,2024-01-14,60,assessor_15,Smartsheet,True
emp_266,Hazard ID,2023-10-06,99,assessor_16,Nintex,True
emp_267,Permit to Work,2024-01-26,83,assessor_17,Smartsheet,True
emp_268,LOTO,2022-01-05,71,assessor_18,Nintex,True
emp_269,Process Safety,2022-03-31,94,assessor_19,Smartsheet,True
emp_270,Permit to Work,2023-04-02,44,assessor_20,Smartsheet,False
emp_271,Dropped Objects,2023-01-09,78,assessor_21,Smartsheet,True
emp_272,Hazard ID,2023-06-01,48,assessor_22,Smartsheet,False
emp_273,Hazard ID,2022-06-22,92,assessor_23,Smartsheet,True
emp_274,Process Safety,2023-05-11,57,assessor_24,Smartsheet,False
emp_275,Process Safety,2023-04-18,60,assessor_25,Smartsheet,True
emp_276,Permit to Work,2022-08-20,47,assessor_26,Nintex,False
emp_277,LOTO,2023-12-28,83,assessor_27,Nintex,True
emp_278,Dropped Objects,2024-02-02,91,assessor_28,Nintex,True
emp_279,Hazard ID,2022-08-01,73,assessor_29,Smartsheet,True
emp_280,Process Safety,2023-10-16,49,assessor_30,Smartsheet,False
emp_281,Dropped Objects,2023-08-16,90,assessor_31,Nintex,True
emp_282,LOTO,2023-10-31,80,assessor_32,Nintex,True
emp_283,Hazard ID,2023-11-18,96,assessor_33,Smartsheet,True
emp_284,Hazard ID,2022-06-22,63,assessor_34,Nintex,True
emp_285,LOTO,2023-03-05,79,assessor_35,Nintex,True
emp_286,Hazard ID,2022-11-02,63,assessor_36,Nintex,True
emp_287,LOTO,2022-05-30,95,assessor_37,Nintex,True
emp_288,Hazard ID,2023-10-07,71,assessor_38,Smartsheet,True
emp_289,Permit to Work,2022-08-28,95,assessor_39,Nintex,True
emp_290,LOTO,2022-05-19,72,assessor_40,Nintex,True
emp_291,Dropped Objects,2023-03-26,77,assessor_41,Nintex,True
emp_292,Permit to Work,2023-09-22,83,assessor_42,Nintex,True
emp_293,Dropped Objects,2022-03-19,96,assessor_43,Smartsheet,True
emp_294,Hazard ID,2023-11-26,95,assessor_44,Nintex,True
emp_295,Dropped Objects,2022-10-28,90,assessor_45,Nintex,True
emp_296,Permit to Work,2022-03-19,98,assessor_46,Nintex,True
emp_297,LOTO,2022-11-04,88,assessor_47,Nintex,True
emp_298,Process Safety,2023-12-04,73,assessor_48,Nintex,True
emp_299,Dropped Objects,2022-08-01,50,assessor_49,Smartsheet,False
emp_300,Process Safety,2022-08-13,70,assessor_0,Nintex,True
emp_301,Dropped Objects,2022-12-17,57,assessor_1,Nintex,False
emp_302,Dropped Objects,2023-11-28,62,assessor_2,Smartsheet,True
emp_303,LOTO,2022-10-06,99,assessor_3,Nintex,True
emp_304,Hazard ID,2022-05-17,61,assessor_4,Smartsheet,True
emp_305,Permit to Work,2022-12-25,82,assessor_5,Nintex,True
emp_306,Permit to Work,2023-09-04,57,assessor_6,Smartsheet,False
emp_307,Permit to Work,2023-12-12,79,assessor_7,Smartsheet,True
emp_308,Hazard ID,2022-08-27,86,assessor_8,Nintex,True
emp_309,Process Safety,2023-11-18,80,assessor_9,Smartsheet,True
emp_310,Permit to Work,2022-08-26,86,assessor_10,Nintex,True
emp_311,Process Safety,2022-10-31,78,assessor_11,Smartsheet,True
emp_312,Hazard ID,2022-02-04,59,assessor_12,Smartsheet,False
emp_313,Hazard ID,2022-04-08,52,assessor_13,Nintex,False
emp_314,LOTO,2023-03-31,84,assessor_14,Smartsheet,True
emp_315,Permit to Work,2023-03-05,40,assessor_15,Nintex,False
emp_316,LOTO,2022-08-17,91,assessor_16,Smartsheet,True
emp_317,Permit to Work,2022-04-10,43,assessor_17,Smartsheet,False
emp_318,Hazard ID,2022-11-26,63,assessor_18,Nintex,True
emp_319,Hazard ID,2024-01-16,75,assessor_19,Nintex,True
emp_320,Dropped Objects,2023-04-15,75,assessor_20,Smartsheet,True
emp_321,Dropped Objects,2022-02-07,84,assessor_21,Nintex,True
emp_322,Hazard ID,2022-04-08,41,assessor_22,Nintex,False
emp_323,Hazard ID,2024-01-19,67,assessor_23,Smartsheet,True
emp_324,Process Safety,2024-01-03,65,assessor_24,Smartsheet,True
emp_325,Process Safety,2023-06-02,62,assessor_25,Nintex,True
emp_326,LOTO,2023-05-05,54,assessor_26,Smartsheet,False
emp_327,Dropped Objects,2022-07-31,75,assessor_27,Nintex,True
emp_328,Dropped Objects,2022-11-04,66,assessor_28,Nintex,True
emp_329,Hazard ID,2022-05-09,45,assessor_29,Nintex,False
emp_330,Hazard ID,2023-11-24,74,assessor_30,Nintex,True
emp_331,LOTO,2023-04-11,78,assessor_31,Nintex,True
emp_332,Dropped Objects,2023-02-27,77,assessor_32,Nintex,True
emp_333,Process Safety,2024-02-23,74,assessor_33,Smartsheet,True
emp_334,Permit to Work,2023-02-01,75,assessor_34,Nintex,True
emp_335,LOTO,2022-07-08,49,assessor_35,Smartsheet,False
emp_336,Permit to Work,2023-04-19,69,assessor_36,Nintex,True
emp_337,Process Safety,2022-01-18,92,assessor_37,Smartsheet,True
emp_338,Process Safety,2023-09-07,80,assessor_38,Smartsheet,True
emp_339,Permit to Work,2023-04-01,77,assessor_39,Smartsheet,True
emp_340,LOTO,2023-03-01,68,assessor_40,Nintex,True
emp_341,Permit to Work,2022-08-20,91,assessor_41,Smartsheet,True
emp_342,LOTO,2024-01-12,98,assessor_42,Smartsheet,True
emp_343,LOTO,2022-04-19,82,assessor_43,Nintex,True
emp_344,Hazard ID,2022-10-26,78,assessor_44,Smartsheet,True
emp_345,Dropped Objects,2022-05-02,89,assessor_45,Smartsheet,True
emp_346,Dropped Objects,2023-04-07,43,assessor_46,Nintex,False
emp_347,Process Safety,2022-06-09,44,assessor_47,Smartsheet,False
emp_348,Hazard ID,2022-11-22,43,assessor_48,Smartsheet,False
emp_349,Dropped Objects,2022-05-10,75,assessor_49,Nintex,True
emp_350,LOTO,2022-07-15,98,assessor_0,Smartsheet,True
emp_351,LOTO,2022-06-14,84,assessor_1,Smartsheet,True
emp_352,Permit to Work,2024-02-18,55,assessor_2,Smartsheet,False
emp_353,Permit to Work,2023-10-12,64,assessor_3,Smartsheet,True
emp_354,LOTO,2022-07-03,53,assessor_4,Nintex,False
emp_355,LOTO,2023-01-30,50,assessor_5,Nintex,False
emp_356,Permit to Work,2022-04-06,68,assessor_6,Nintex,True
emp_357,Dropped Objects,2023-04-23,73,assessor_7,Nintex,True
emp_358,Process Safety,2023-05-27,61,assessor_8,Smartsheet,True
emp_359,Permit to Work,2023-06-30,53,assessor_9,Nintex,False
emp_360,Dropped Objects,2024-01-22,95,assessor_10,Nintex,True
emp_361,Dropped Objects,2023-06-14,63,assessor_11,Smartsheet,True
emp_362,Dropped Objects,2023-09-28,98,assessor_12,Smartsheet,True
emp_363,Hazard ID,2023-02-03,78,assessor_13,Smartsheet,True
emp_364,Hazard ID,2023-08-04,65,assessor_14,Nintex,True
emp_365,Dropped Objects,2023-12-05,82,assessor_15,Smartsheet,True
emp_366,LOTO,2022-10-17,75,assessor_16,Smartsheet,True
emp_367,Hazard ID,2022-04-12,78,assessor_17,Smartsheet,True
emp_368,Permit to Work,2022-12-31,100,assessor_18,Nintex,True
emp_369,Hazard ID,2023-03-25,55,assessor_19,Nintex,False
emp_370,LOTO,2022-10-26,97,assessor_20,Nintex,True
emp_371,Process Safety,2023-08-22,77,assessor_21,Nintex,True
emp_372,Hazard ID,2023-03-19,98,assessor_22,Nintex,True
emp_373,Dropped Objects,2022-02-22,71,assessor_23,Nintex,True
emp_374,Dropped Objects,2023-04-17,45,assessor_24,Nintex,False
emp_375,Dropped Objects,2022-06-20,73,assessor_25,Smartsheet,True
emp_376,Process Safety,2023-06-08,95,assessor_26,Smartsheet,True
emp_377,LOTO,2023-05-03,47,assessor_27,Smartsheet,False
emp_378,Permit to Work,2022-01-02,69,assessor_28,Nintex,True
emp_379,LOTO,2022-01-07,66,assessor_29,Nintex,True
emp_380,Process Safety,2022-08-12,46,assessor_30,Smartsheet,False
emp_381,Dropped Objects,2022-08-27,66,assessor_31,Smartsheet,True
emp_382,LOTO,2024-01-16,64,assessor_32,Nintex,True
emp_383,Permit to Work,2023-06-08,95,assessor_33,Nintex,True
emp_384,Dropped Objects,2023-02-15,85,assessor_34,Nintex,True
emp_385,Permit to Work,2023-01-22,80,assessor_35,Nintex,True
emp_386,Hazard ID,2023-02-16,54,assessor_36,Nintex,False
emp_387,Permit to Work,2022-06-12,64,assessor_37,Nintex,True
emp_388,Dropped Objects,2023-08-29,61,assessor_38,Nintex,True
emp_389,Hazard ID,2023-04-12,57,assessor_39,Nintex,False
emp_390,Dropped Objects,2022-07-24,51,assessor_40,Smartsheet,False
emp_391,Dropped Objects,2022-01-03,62,assessor_41,Nintex,True
emp_392,Hazard ID,2022-05-01,90,assessor_42,Nintex,True
emp_393,Permit to Work,2023-05-02,84,assessor_43,Nintex,True
emp_394,Process Safety,2022-02-14,78,assessor_44,Smartsheet,True
emp_395,Process Safety,2023-03-04,64,assessor_45,Smartsheet,True
emp_396,Process Safety,2022-07-03,49,assessor_46,Nintex,False
emp_397,Process Safety,2022-11-19,69,assessor_47,Smartsheet,True
emp_398,LOTO,2023-03-27,49,assessor_48,Smartsheet,False
emp_399,Process Safety,2023-07-29,73,assessor_49,Smartsheet,True
emp_400,Hazard ID,2022-03-10,85,assessor_0,Nintex,True
emp_401,Process Safety,2022-11-26,52,assessor_1,Nintex,False
emp_402,Dropped Objects,2023-05-03,93,assessor_2,Nintex,True
emp_403,Process Safety,2022-01-27,68,assessor_3,Nintex,True
emp_404,Permit to Work,2023-08-23,77,assessor_4,Nintex,True
emp_405,Hazard ID,2023-04-13,80,assessor_5,Nintex,True
emp_406,Hazard ID,2023-03-02,84,assessor_6,Nintex,True
emp_407,LOTO,2023-08-03,48,assessor_7,Smartsheet,False
emp_408,Dropped Objects,2024-02-19,52,assessor_8,Nintex,False
emp_409,Hazard ID,2022-11-12,76,assessor_9,Nintex,True
emp_410,Permit to Work,2022-12-01,53,assessor_10,Nintex,False
emp_411,Process Safety,2022-01-17,76,assessor_11,Nintex,True
emp_412,Hazard ID,2022-12-16,48,assessor_12,Nintex,False
emp_413,Permit to Work,2023-02-11,47,assessor_13,Nintex,False
emp_414,Process Safety,2024-01-04,78,assessor_14,Nintex,True
emp_415,LOTO,2024-01-22,79,assessor_15,Nintex,True
emp_416,Hazard ID,2023-04-27,93,assessor_16,Smartsheet,True
emp_417,Hazard ID,2023-02-16,42,assessor_17,Smartsheet,False
emp_418,Permit to Work,2023-09-15,94,assessor_18,Nintex,True
emp_419,Dropped Objects,2022-04-17,95,assessor_19,Nintex,True
emp_420,LOTO,2023-11-24,86,assessor_20,Smartsheet,True
emp_421,Dropped Objects,2023-09-10,79,assessor_21,Nintex,True
emp_422,Hazard ID,2022-12-27,72,assessor_22,Nintex,True
emp_423,Dropped Objects,2024-01-17,71,assessor_23,Smartsheet,True
emp_424,Process Safety,2023-10-12,46,assessor_24,Nintex,False
emp_425,LOTO,2023-09-28,58,assessor_25,Nintex,False
emp_426,Dropped Objects,2024-01-07,73,assessor_26,Nintex,True
emp_427,Process Safety,2023-02-06,53,assessor_27,Smartsheet,False
emp_428,Permit to Work,2024-01-19,89,assessor_28,Smartsheet,True
emp_429,Dropped Objects,2023-08-07,86,assessor_29,Nintex,True
emp_430,LOTO,2024-02-04,85,assessor_30,Smartsheet,True
emp_431,Process Safety,2022-06-22,95,assessor_31,Smartsheet,True
emp_432,Dropped Objects,2023-10-30,96,assessor_32,Smartsheet,True
emp_433,Permit to Work,2022-12-09,58,assessor_33,Nintex,False
emp_434,Dropped Objects,2022-01-21,90,assessor_34,Smartsheet,True
emp_435,Process Safety,2023-10-01,93,assessor_35,Smartsheet,True
emp_436,Dropped Objects,2023-08-13,98,assessor_36,Smartsheet,True
emp_437,LOTO,2022-09-29,65,assessor_37,Nintex,True
emp_438,Hazard ID,2023-06-25,56,assessor_38,Smartsheet,False
emp_439,Process Safety,2023-02-16,93,assessor_39,Smartsheet,True
emp_440,Process Safety,2022-12-06,67,assessor_40,Nintex,True
emp_441,Process Safety,2023-08-19,58,assessor_41,Smartsheet,False
emp_442,Process Safety,2022-04-08,66,assessor_42,Smartsheet,True
emp_443,Dropped Objects,2022-10-20,87,assessor_43,Smartsheet,True
emp_444,LOTO,2023-07-23,91,assessor_44,Nintex,True
emp_445,Permit to Work,2024-02-21,96,assessor_45,Nintex,True
emp_446,LOTO,2023-03-19,58,assessor_46,Smartsheet,False
emp_447,Process Safety,2022-02-26,72,assessor_47,Smartsheet,True
emp_448,Dropped Objects,2022-08-23,90,assessor_48,Smartsheet,True
emp_449,Dropped Objects,2023-11-20,46,assessor_49,Smartsheet,False
emp_450,Process Safety,2022-03-11,68,assessor_0,Smartsheet,True
emp_451,Dropped Objects,2022-09-02,94,assessor_1,Smartsheet,True
emp_452,Process Safety,2023-09-24,82,assessor_2,Nintex,True
emp_453,LOTO,2023-03-18,44,assessor_3,Smartsheet,False
emp_454,Hazard ID,2023-08-26,69,assessor_4,Smartsheet,True
emp_455,Dropped Objects,2023-05-21,88,assessor_5,Smartsheet,True
emp_456,Process Safety,2022-11-01,82,assessor_6,Nintex,True
emp_457,Process Safety,2022-05-20,95,assessor_7,Smartsheet,True
emp_458,Dropped Objects,2022-02-21,97,assessor_8,Nintex,True
emp_459,Permit to Work,2022-02-23,47,assessor_9,Smartsheet,False
emp_460,Process Safety,2022-01-06,81,assessor_10,Smartsheet,True
emp_461,Dropped Objects,2023-04-14,51,assessor_11,Smartsheet,False
emp_462,Process Safety,2023-05-24,81,assessor_12,Smartsheet,True
emp_463,Permit to Work,2022-10-02,52,assessor_13,Smartsheet,False
emp_464,Hazard ID,2022-03-04,65,assessor_14,Smartsheet,True
emp_465,Permit to Work,2022-12-15,57,assessor_15,Nintex,False
emp_466,LOTO,2022-09-13,81,assessor_16,Smartsheet,True
emp_467,Dropped Objects,2024-02-29,90,assessor_17,Smartsheet,True
emp_468,Permit to Work,2022-03-26,91,assessor_18,Smartsheet,True
emp_469,Hazard ID,2022-08-25,88,assessor_19,Nintex,True
emp_470,Process Safety,2023-06-17,59,assessor_20,Smartsheet,False
emp_471,Dropped Objects,2022-12-31,55,assessor_21,Nintex,False
emp_472,Permit to Work,2023-07-09,76,assessor_22,Smartsheet,True
emp_473,Hazard ID,2022-07-01,42,assessor_23,Smartsheet,False
emp_474,Permit to Work,2024-01-17,66,assessor_24,Nintex,True
emp_475,LOTO,2022-09-21,54,assessor_25,Nintex,False
emp_476,Dropped Objects,2022-08-24,97,assessor_26,Smartsheet,True
emp_477,Process Safety,2023-09-03,73,assessor_27,Nintex,True
emp_478,Hazard ID,2022-05-09,84,assessor_28,Nintex,True
emp_479,Permit to Work,2023-01-27,61,assessor_29,Smartsheet,True
emp_480,Dropped Objects,2023-12-29,79,assessor_30,Smartsheet,True
emp_481,Permit to Work,2022-07-28,62,assessor_31,Smartsheet,True
emp_482,Dropped Objects,2022-07-08,98,assessor_32,Nintex,True
emp_483,LOTO,2023-03-28,88,assessor_33,Smartsheet,True
emp_484,Permit to Work,2022-01-04,43,assessor_34,Smartsheet,False
emp_485,LOTO,2023-05-12,90,assessor_35,Nintex,True
emp_486,Hazard ID,2022-06-27,93,assessor_36,Nintex,True
emp_487,LOTO,2023-01-10,96,assessor_37,Smartsheet,True
emp_488,Dropped Objects,2023-12-07,80,assessor_38,Nintex,True
emp_489,Hazard ID,2023-09-30,62,assessor_39,Nintex,True
emp_490,Permit to Work,2023-02-25,86,assessor_40,Nintex,True
emp_491,Permit to Work,2022-11-12,99,assessor_41,Smartsheet,True
emp_492,Dropped Objects,2023-10-20,48,assessor_42,Smartsheet,False
emp_493,Process Safety,2023-09-05,63,assessor_43,Smartsheet,True
emp_494,Process Safety,2022-04-05,60,assessor_44,Nintex,True
emp_495,Permit to Work,2022-05-31,80,assessor_45,Smartsheet,True
emp_496,Dropped Objects,2023-06-07,85,assessor_46,Smartsheet,True
emp_497,Process Safety,2022-02-19,94,assessor_47,Nintex,True
emp_498,LOTO,2023-02-23,92,assessor_48,Nintex,True
emp_499,Permit to Work,2022-04-25,55,assessor_49,Smartsheet,False
emp_500,LOTO,2023-03-18,95,assessor_0,Nintex,True
emp_501,Dropped Objects,2023-07-23,94,assessor_1,Smartsheet,True
emp_502,LOTO,2023-06-06,64,assessor_2,Smartsheet,True
emp_503,Process Safety,2022-03-30,65,assessor_3,Smartsheet,True
emp_504,Process Safety,2023-04-27,88,assessor_4,Nintex,True
emp_505,Hazard ID,2022-03-20,84,assessor_5,Nintex,True
emp_506,Permit to Work,2023-02-18,48,assessor_6,Smartsheet,False
emp_507,Dropped Objects,2023-06-19,54,assessor_7,Smartsheet,False
emp_508,Permit to Work,2022-03-17,78,assessor_8,Smartsheet,True
emp_509,LOTO,2022-02-20,72,assessor_9,Smartsheet,True
emp_510,Dropped Objects,2022-08-25,40,assessor_10,Nintex,False
emp_511,Dropped Objects,2024-02-29,44,assessor_11,Smartsheet,False
emp_512,Process Safety,2024-03-01,95,assessor_12,Smartsheet,True
emp_513,LOTO,2023-11-04,48,assessor_13,Nintex,False
emp_514,Process Safety,2022-01-16,83,assessor_14,Smartsheet,True
emp_515,Process Safety,2023-08-31,45,assessor_15,Smartsheet,False
emp_516,Hazard ID,2022-07-15,67,assessor_16,Smartsheet,True
emp_517,Process Safety,2022-01-12,84,assessor_17,Smartsheet,True
emp_518,Permit to Work,2022-09-28,65,assessor_18,Smartsheet,True
emp_519,Dropped Objects,2022-06-17,67,assessor_19,Nintex,True
emp_520,Process Safety,2023-01-05,79,assessor_20,Nintex,True
emp_521,Permit to Work,2022-10-18,54,assessor_21,Nintex,False
emp_522,LOTO,2022-03-22,45,assessor_22,Nintex,False
emp_523,Dropped Objects,2023-04-29,66,assessor_23,Smartsheet,True
emp_524,LOTO,2023-11-13,77,assessor_24,Nintex,True
emp_525,Permit to Work,2022-06-21,43,assessor_25,Nintex,False
emp_526,LOTO,2023-07-21,50,assessor_26,Nintex,False
emp_527,LOTO,2023-02-23,60,assessor_27,Nintex,True
emp_528,LOTO,2024-01-15,69,assessor_28,Nintex,True
emp_529,Process Safety,2023-09-11,57,assessor_29,Nintex,False
emp_530,Process Safety,2023-07-29,74,assessor_30,Nintex,True
emp_531,Process Safety,2022-10-07,42,assessor_31,Nintex,False
emp_532,Dropped Objects,2022-03-25,51,assessor_32,Smartsheet,False
emp_533,Permit to Work,2024-01-25,66,assessor_33,Nintex,True
emp_534,Process Safety,2024-01-09,92,assessor_34,Smartsheet,True
emp_535,LOTO,2023-05-19,69,assessor_35,Nintex,True
emp_536,LOTO,2022-02-28,60,assessor_36,Nintex,True
emp_537,LOTO,2022-03-01,77,assessor_37,Nintex,True
emp_538,LOTO,2023-11-23,60,assessor_38,Smartsheet,True
emp_539,Hazard ID,2022-12-05,99,assessor_39,Smartsheet,True
emp_540,Dropped Objects,2022-04-12,77,assessor_40,Nintex,True
emp_541,Permit to Work,2023-10-18,79,assessor_41,Smartsheet,True
emp_542,Permit to Work,2022-07-05,54,assessor_42,Nintex,False
emp_543,Process Safety,2022-06-18,57,assessor_43,Smartsheet,False
emp_544,Hazard ID,2022-10-31,91,assessor_44,Smartsheet,True
emp_545,Permit to Work,2022-03-21,68,assessor_45,Smartsheet,True
emp_546,Dropped Objects,2023-02-22,87,assessor_46,Nintex,True
emp_547,LOTO,2022-02-03,77,assessor_47,Smartsheet,True
emp_548,Process Safety,2022-05-10,99,assessor_48,Smartsheet,True
emp_549,Dropped Objects,2023-09-29,60,assessor_49,Nintex,True
emp_550,Permit to Work,2023-01-27,56,assessor_0,Smartsheet,False
emp_551,Hazard ID,2024-01-18,80,assessor_1,Nintex,True
emp_552,Process Safety,2023-02-09,90,assessor_2,Nintex,True
emp_553,Permit to Work,2023-02-11,57,assessor_3,Smartsheet,False
emp_554,Process Safety,2022-06-04,96,assessor_4,Nintex,True
emp_555,Permit to Work,2023-03-17,94,assessor_5,Smartsheet,True
emp_556,LOTO,2022-04-27,76,assessor_6,Smartsheet,True
emp_557,Hazard ID,2023-10-27,99,assessor_7,Nintex,True
emp_558,LOTO,2022-06-25,77,assessor_8,Smartsheet,True
emp_559,Permit to Work,2022-04-27,51,assessor_9,Smartsheet,False
emp_560,Dropped Objects,2023-01-05,50,assessor_10,Nintex,False
emp_561,LOTO,2022-03-17,87,assessor_11,Nintex,True
emp_562,Dropped Objects,2024-01-22,91,assessor_12,Smartsheet,True
emp_563,Permit to Work,2022-09-23,88,assessor_13,Nintex,True
emp_564,Hazard ID,2022-12-30,59,assessor_14,Nintex,False
emp_565,Dropped Objects,2023-05-11,48,assessor_15,Nintex,False
emp_566,Permit to Work,2023-04-11,40,assessor_16,Nintex,False
emp_567,Dropped Objects,2022-07-12,97,assessor_17,Smartsheet,True
emp_568,LOTO,2022-09-13,42,assessor_18,Smartsheet,False
emp_569,Permit to Work,2023-08-12,60,assessor_19,Nintex,True
emp_570,LOTO,2022-04-06,62,assessor_20,Smartsheet,True
emp_571,Process Safety,2023-10-28,48,assessor_21,Nintex,False
emp_572,Permit to Work,2022-06-12,93,assessor_22,Nintex,True
emp_573,Dropped Objects,2022-09-06,58,assessor_23,Smartsheet,False
emp_574,Process Safety,2023-05-07,84,assessor_24,Smartsheet,True
emp_575,LOTO,2023-01-10,94,assessor_25,Smartsheet,True
emp_576,LOTO,2022-08-24,85,assessor_26,Smartsheet,True
emp_577,Dropped Objects,2022-07-02,91,assessor_27,Nintex,True
emp_578,Process Safety,2023-10-21,58,assessor_28,Nintex,False
emp_579,Hazard ID,2023-09-10,62,assessor_29,Smartsheet,True
emp_580,Dropped Objects,2023-01-12,66,assessor_30,Nintex,True
emp_581,LOTO,2023-09-30,66,assessor_31,Smartsheet,True
emp_582,Permit to Work,2023-09-20,78,assessor_32,Smartsheet,True
emp_583,Process Safety,2023-03-14,75,assessor_33,Smartsheet,True
emp_584,Hazard ID,2022-03-20,51,assessor_34,Nintex,False
emp_585,Permit to Work,2022-04-11,94,assessor_35,Nintex,True
emp_586,Process Safety,2023-04-05,66,assessor_36,Smartsheet,True
emp_587,Dropped Objects,2022-09-13,85,assessor_37,Smartsheet,True
emp_588,Dropped Objects,2022-08-03,73,assessor_38,Smartsheet,True
emp_589,Process Safety,2023-08-23,72,assessor_39,Smartsheet,True
emp_590,Hazard ID,2023-05-20,67,assessor_40,Nintex,True
emp_591,Process Safety,2023-12-22,70,assessor_41,Nintex,True
emp_592,Permit to Work,2022-12-11,71,assessor_42,Smartsheet,True
emp_593,Permit to Work,2022-03-23,89,assessor_43,Smartsheet,True
emp_594,Dropped Objects,2022-05-06,59,assessor_44,Nintex,False
emp_595,Process Safety,2024-02-14,79,assessor_45,Smartsheet,True
emp_596,Dropped Objects,2022-08-05,74,assessor_46,Nintex,True
emp_597,Hazard ID,2023-12-20,70,assessor_47,Nintex,True
emp_598,Permit to Work,2024-02-07,97,assessor_48,Smartsheet,True
emp_599,LOTO,2022-02-07,70,assessor_49,Nintex,True
emp_600,LOTO,2023-11-30,77,assessor_0,Nintex,True
emp_601,Process Safety,2024-02-22,61,assessor_1,Nintex,True
emp_602,Process Safety,2022-02-08,84,assessor_2,Nintex,True
emp_603,LOTO,2023-02-25,80,assessor_3,Smartsheet,True
emp_604,Process Safety,2023-07-07,48,assessor_4,Nintex,False
emp_605,Permit to Work,2022-03-23,91,assessor_5,Nintex,True
emp_606,Hazard ID,2022-01-20,48,assessor_6,Nintex,False
emp_607,Hazard ID,2023-03-19,54,assessor_7,Smartsheet,False
emp_608,Dropped Objects,2023-09-18,52,assessor_8,Smartsheet,False
emp_609,Permit to Work,2022-12-17,61,assessor_9,Smartsheet,True
emp_610,Process Safety,2022-12-03,55,assessor_10,Nintex,False
emp_611,Process Safety,2023-03-07,71,assessor_11,Smartsheet,True
emp_612,Dropped Objects,2023-08-05,41,assessor_12,Smartsheet,False
emp_613,Dropped Objects,2022-09-09,65,assessor_13,Smartsheet,True
emp_614,Process Safety,2022-05-10,53,assessor_14,Nintex,False
emp_615,Process Safety,2023-07-13,98,assessor_15,Smartsheet,True
emp_616,Permit to Work,2022-07-06,77,assessor_16,Smartsheet,True
emp_617,Dropped Objects,2022-04-07,73,assessor_17,Smartsheet,True
emp_618,Permit to Work,2022-02-27,47,assessor_18,Nintex,False
emp_619,Process Safety,2023-05-21,75,assessor_19,Nintex,True
emp_620,LOTO,2022-04-19,60,assessor_20,Smartsheet,True
emp_621,LOTO,2023-12-10,95,assessor_21,Smartsheet,True
emp_622,Process Safety,2023-06-12,85,assessor_22,Smartsheet,True
emp_623,Dropped Objects,2022-12-01,82,assessor_23,Nintex,True
emp_624,LOTO,2022-06-13,95,assessor_24,Nintex,True
emp_625,Dropped Objects,2023-11-16,67,assessor_25,Smartsheet,True
emp_626,LOTO,2023-12-15,85,assessor_26,Nintex,True
emp_627,Dropped Objects,2023-02-15,83,assessor_27,Smartsheet,True
emp_628,LOTO,2023-08-30,87,assessor_28,Nintex,True
emp_629,Dropped Objects,2022-04-08,45,assessor_29,Smartsheet,False
emp_630,Permit to Work,2023-03-19,59,assessor_30,Nintex,False
emp_631,Dropped Objects,2022-04-27,70,assessor_31,Smartsheet,True
emp_632,Permit to Work,2022-07-08,72,assessor_32,Nintex,True
emp_633,Permit to Work,2023-02-08,83,assessor_33,Smartsheet,True
emp_634,Process Safety,2022-05-11,46,assessor_34,Smartsheet,False
emp_635,Permit to Work,2023-12-05,47,assessor_35,Smartsheet,False
emp_636,Hazard ID,2023-10-20,48,assessor_36,Smartsheet,False
emp_637,Permit to Work,2022-10-11,41,assessor_37,Nintex,False
emp_638,Dropped Objects,2023-09-06,56,assessor_38,Smartsheet,False
emp_639,Permit to Work,2023-05-22,91,assessor_39,Nintex,True
emp_640,Dropped Objects,2023-05-31,84,assessor_40,Nintex,True
emp_641,Dropped Objects,2023-12-19,76,assessor_41,Smartsheet,True
emp_642,Hazard ID,2022-07-02,81,assessor_42,Smartsheet,True
emp_643,Permit to Work,2023-02-04,83,assessor_43,Smartsheet,True
emp_644,Permit to Work,2023-03-25,56,assessor_44,Smartsheet,False
emp_645,LOTO,2022-08-21,92,assessor_45,Nintex,True
emp_646,LOTO,2024-01-10,77,assessor_46,Nintex,True
emp_647,Process Safety,2022-08-11,74,assessor_47,Nintex,True
emp_648,Dropped Objects,2023-03-26,99,assessor_48,Nintex,True
emp_649,Hazard ID,2022-07-12,86,assessor_49,Smartsheet,True
emp_650,LOTO,2022-07-22,78,assessor_0,Nintex,True
emp_651,Permit to Work,2023-06-08,69,assessor_1,Smartsheet,True
emp_652,Process Safety,2023-04-28,45,assessor_2,Smartsheet,False
emp_653,Hazard ID,2023-03-22,43,assessor_3,Nintex,False
emp_654,Permit to Work,2023-04-03,90,assessor_4,Nintex,True
emp_655,Permit to Work,2023-02-14,76,assessor_5,Nintex,True
emp_656,Dropped Objects,2024-02-15,74,assessor_6,Nintex,True
emp_657,Dropped Objects,2022-12-08,97,assessor_7,Nintex,True
emp_658,LOTO,2022-01-29,96,assessor_8,Nintex,True
emp_659,LOTO,2023-03-23,48,assessor_9,Smartsheet,False
emp_660,Permit to Work,2023-02-11,45,assessor_10,Smartsheet,False
emp_661,Permit to Work,2022-11-19,52,assessor_11,Smartsheet,False
emp_662,LOTO,2022-05-10,98,assessor_12,Nintex,True
emp_663,LOTO,2022-08-26,61,assessor_13,Smartsheet,True
emp_664,Permit to Work,2023-03-01,67,assessor_14,Smartsheet,True
emp_665,Hazard ID,2022-10-13,69,assessor_15,Smartsheet,True
emp_666,Permit to Work,2024-02-16,91,assessor_16,Smartsheet,True
emp_667,Hazard ID,2022-10-28,75,assessor_17,Smartsheet,True
emp_668,Hazard ID,2023-06-18,41,assessor_18,Smartsheet,False
emp_669,Permit to Work,2023-09-11,97,assessor_19,Nintex,True
emp_670,Process Safety,2023-09-13,75,assessor_20,Nintex,True
emp_671,LOTO,2023-11-14,47,assessor_21,Nintex,False
emp_672,Dropped Objects,2022-06-10,84,assessor_22,Smartsheet,True
emp_673,Permit to Work,2024-02-11,81,assessor_23,Nintex,True
emp_674,Hazard ID,2022-03-09,89,assessor_24,Nintex,True
emp_675,Permit to Work,2022-12-03,48,assessor_25,Smartsheet,False
emp_676,LOTO,2023-10-09,40,assessor_26,Nintex,False
emp_677,Hazard ID,2023-10-07,52,assessor_27,Smartsheet,False
emp_678,Dropped Objects,2022-11-23,89,assessor_28,Nintex,True
emp_679,Dropped Objects,2023-09-13,54,assessor_29,Smartsheet,False
emp_680,Dropped Objects,2022-12-30,71,assessor_30,Smartsheet,True
emp_681,Process Safety,2023-10-11,73,assessor_31,Nintex,True
emp_682,Hazard ID,2022-09-08,82,assessor_32,Smartsheet,True
emp_683,Hazard ID,2022-05-26,100,assessor_33,Nintex,True
emp_684,Process Safety,2022-01-12,70,assessor_34,Smartsheet,True
emp_685,Hazard ID,2022-07-10,53,assessor_35,Nintex,False
emp_686,Process Safety,2022-08-13,93,assessor_36,Nintex,True
emp_687,Permit to Work,2024-02-19,86,assessor_37,Smartsheet,True
emp_688,LOTO,2023-11-14,53,assessor_38,Nintex,False
emp_689,Dropped Objects,2023-02-20,87,assessor_39,Nintex,True
emp_690,Process Safety,2023-10-31,94,assessor_40,Nintex,True
emp_691,Process Safety,2022-10-05,68,assessor_41,Smartsheet,True
emp_692,Process Safety,2023-09-30,86,assessor_42,Smartsheet,True
emp_693,Permit to Work,2023-12-02,58,assessor_43,Nintex,False
emp_694,Process Safety,2022-12-30,66,assessor_44,Nintex,True
emp_695,LOTO,2022-10-20,48,assessor_45,Smartsheet,False
emp_696,LOTO,2022-10-04,76,assessor_46,Smartsheet,True
emp_697,Dropped Objects,2022-11-06,76,assessor_47,Nintex,True
emp_698,Permit to Work,2024-01-29,82,assessor_48,Smartsheet,True
emp_699,LOTO,2022-03-24,67,assessor_49,Smartsheet,True
emp_700,Hazard ID,2023-08-09,91,assessor_0,Nintex,True
emp_701,Hazard ID,2024-02-08,96,assessor_1,Smartsheet,True
emp_702,Hazard ID,2022-01-10,63,assessor_2,Smartsheet,True
emp_703,Process Safety,2023-07-19,67,assessor_3,Smartsheet,True
emp_704,Process Safety,2022-06-12,75,assessor_4,Nintex,True
emp_705,Hazard ID,2023-08-26,91,assessor_5,Smartsheet,True
emp_706,Dropped Objects,2022-09-16,57,assessor_6,Nintex,False
emp_707,Dropped Objects,2022-05-17,64,assessor_7,Smartsheet,True
emp_708,Process Safety,2022-11-22,74,assessor_8,Smartsheet,True
emp_709,Hazard ID,2023-05-27,43,assessor_9,Nintex,False
emp_710,Dropped Objects,2023-12-26,53,assessor_10,Nintex,False
emp_711,Process Safety,2022-07-23,78,assessor_11,Nintex,True
emp_712,Hazard ID,2022-03-14,65,assessor_12,Nintex,True
emp_713,Permit to Work,2022-12-13,47,assessor_13,Smartsheet,False
emp_714,Hazard ID,2022-08-21,63,assessor_14,Nintex,True
emp_715,Hazard ID,2022-03-29,55,assessor_15,Nintex,False
emp_716,LOTO,2023-05-26,59,assessor_16,Nintex,False
emp_717,LOTO,2022-11-01,54,assessor_17,Smartsheet,False
emp_718,Permit to Work,2023-03-06,46,assessor_18,Smartsheet,False
emp_719,Permit to Work,2023-09-14,97,assessor_19,Nintex,True
emp_720,Hazard ID,2023-08-15,56,assessor_20,Nintex,False
emp_721,Dropped Objects,2023-08-09,61,assessor_21,Nintex,True
emp_722,Permit to Work,2023-10-28,61,assessor_22,Nintex,True
emp_723,Hazard ID,2023-06-24,93,assessor_23,Smartsheet,True
emp_724,Process Safety,2024-02-04,51,assessor_24,Nintex,False
emp_725,LOTO,2022-04-30,57,assessor_25,Smartsheet,False
emp_726,Dropped Objects,2023-10-12,95,assessor_26,Nintex,True
emp_727,Hazard ID,2022-12-29,85,assessor_27,Nintex,True
emp_728,Process Safety,2022-01-14,86,assessor_28,Smartsheet,True
emp_729,LOTO,2023-08-23,54,assessor_29,Nintex,False
emp_730,Process Safety,2022-05-27,76,assessor_30,Nintex,True
emp_731,Hazard ID,2022-03-15,55,assessor_31,Nintex,False
emp_732,Permit to Work,2024-02-19,44,assessor_32,Nintex,False
emp_733,LOTO,2023-11-30,41,assessor_33,Smartsheet,False
emp_734,Process Safety,2023-06-22,91,assessor_34,Nintex,True
emp_735,Permit to Work,2022-01-07,67,assessor_35,Nintex,True
emp_736,Dropped Objects,2023-06-29,96,assessor_36,Smartsheet,True
emp_737,Hazard ID,2024-02-25,80,assessor_37,Nintex,True
emp_738,Hazard ID,2023-04-30,93,assessor_38,Smartsheet,True
emp_739,LOTO,2022-04-28,66,assessor_39,Nintex,True
emp_740,Process Safety,2022-08-15,70,assessor_40,Nintex,True
emp_741,Dropped Objects,2023-12-28,80,assessor_41,Nintex,True
emp_742,LOTO,2022-10-03,75,assessor_42,Smartsheet,True
emp_743,LOTO,2022-06-07,86,assessor_43,Smartsheet,True
emp_744,Process Safety,2022-09-12,82,assessor_44,Nintex,True
emp_745,Dropped Objects,2024-01-22,40,assessor_45,Smartsheet,False
emp_746,Process Safety,2024-02-04,89,assessor_46,Nintex,True
emp_747,Hazard ID,2023-03-28,68,assessor_47,Smartsheet,True
emp_748,Permit to Work,2023-06-11,40,assessor_48,Nintex,False
emp_749,Hazard ID,2023-02-03,47,assessor_49,Smartsheet,False
emp_750,Hazard ID,2023-09-03,96,assessor_0,Nintex,True
emp_751,LOTO,2022-11-05,55,assessor_1,Smartsheet,False
emp_752,Hazard ID,2022-10-26,97,assessor_2,Smartsheet,True
emp_753,Dropped Objects,2023-02-11,67,assessor_3,Smartsheet,True
emp_754,Hazard ID,2023-10-26,61,assessor_4,Smartsheet,True
emp_755,Dropped Objects,2023-07-24,57,assessor_5,Nintex,False
emp_756,Process Safety,2022-06-29,61,assessor_6,Nintex,True
emp_757,LOTO,2022-02-08,80,assessor_7,Smartsheet,True
emp_758,Dropped Objects,2023-01-24,51,assessor_8,Nintex,False
emp_759,Hazard ID,2023-06-07,58,assessor_9,Smartsheet,False
emp_760,LOTO,2023-02-17,64,assessor_10,Nintex,True
emp_761,LOTO,2023-09-23,89,assessor_11,Smartsheet,True
emp_762,Dropped Objects,2022-04-16,98,assessor_12,Nintex,True
emp_763,Dropped Objects,2022-07-28,44,assessor_13,Nintex,False
emp_764,Permit to Work,2022-12-03,98,assessor_14,Smartsheet,True
emp_765,Permit to Work,2022-12-07,73,assessor_15,Smartsheet,True
emp_766,LOTO,2023-12-11,78,assessor_16,Smartsheet,True
emp_767,Permit to Work,2023-10-20,98,assessor_17,Smartsheet,True
emp_768,Hazard ID,2023-12-10,49,assessor_18,Smartsheet,False
emp_769,Process Safety,2023-02-06,86,assessor_19,Nintex,True
emp_770,LOTO,2022-04-11,96,assessor_20,Smartsheet,True
emp_771,Process Safety,2022-04-05,46,assessor_21,Nintex,False
emp_772,Permit to Work,2024-01-04,99,assessor_22,Smartsheet,True
emp_773,Dropped Objects,2022-02-27,76,assessor_23,Nintex,True
emp_774,LOTO,2022-10-27,86,assessor_24,Nintex,True
emp_775,Permit to Work,2023-08-07,91,assessor_25,Smartsheet,True
emp_776,Hazard ID,2022-10-23,99,assessor_26,Smartsheet,True
emp_777,LOTO,2022-03-19,91,assessor_27,Nintex,True
emp_778,LOTO,2023-11-18,54,assessor_28,Nintex,False
emp_779,Dropped Objects,2023-09-20,81,assessor_29,Smartsheet,True
emp_780,LOTO,2022-07-22,63,assessor_30,Nintex,True
emp_781,Dropped Objects,2023-05-07,65,assessor_31,Nintex,True
emp_782,Permit to Work,2022-02-24,100,assessor_32,Nintex,True
emp_783,Hazard ID,2023-05-14,65,assessor_33,Nintex,True
emp_784,Hazard ID,2023-03-02,85,assessor_34,Nintex,True
emp_785,LOTO,2022-03-22,65,assessor_35,Nintex,True
emp_786,LOTO,2023-06-28,97,assessor_36,Smartsheet,True
emp_787,Permit to Work,2023-11-23,49,assessor_37,Smartsheet,False
emp_788,Dropped Objects,2023-02-19,56,assessor_38,Smartsheet,False
emp_789,Hazard ID,2024-02-26,92,assessor_39,Smartsheet,True
emp_790,Dropped Objects,2022-08-08,53,assessor_40,Nintex,False
emp_791,Permit to Work,2022-03-19,41,assessor_41,Smartsheet,False
emp_792,Hazard ID,2022-06-16,87,assessor_42,Nintex,True
emp_793,Hazard ID,2022-02-15,52,assessor_43,Nintex,False
emp_794,Process Safety,2022-02-22,66,assessor_44,Smartsheet,True
emp_795,Permit to Work,2023-09-20,48,assessor_45,Smartsheet,False
emp_796,Permit to Work,2023-01-18,46,assessor_46,Nintex,False
emp_797,Process Safety,2023-02-22,87,assessor_47,Smartsheet,True
emp_798,Dropped Objects,2023-06-21,49,assessor_48,Smartsheet,False
emp_799,Process Safety,2023-03-18,95,assessor_49,Nintex,True
emp_800,Permit to Work,2022-10-19,93,assessor_0,Nintex,True
emp_801,Dropped Objects,2022-05-03,48,assessor_1,Nintex,False
emp_802,Hazard ID,2023-03-30,61,assessor_2,Nintex,True
emp_803,Process Safety,2023-10-17,62,assessor_3,Nintex,True
emp_804,Dropped Objects,2024-02-29,46,assessor_4,Nintex,False
emp_805,Dropped Objects,2022-05-16,87,assessor_5,Smartsheet,True
emp_806,Dropped Objects,2023-04-27,48,assessor_6,Smartsheet,False
emp_807,Process Safety,2022-12-12,66,assessor_7,Smartsheet,True
emp_808,Hazard ID,2022-10-28,63,assessor_8,Nintex,True
emp_809,Dropped Objects,2023-08-06,68,assessor_9,Nintex,True
emp_810,Process Safety,2022-05-10,56,assessor_10,Smartsheet,False
emp_811,Permit to Work,2023-07-22,59,assessor_11,Smartsheet,False
emp_812,Process Safety,2024-02-26,46,assessor_12,Smartsheet,False
emp_813,Process Safety,2022-10-15,82,assessor_13,Nintex,True
emp_814,Process Safety,2023-05-28,79,assessor_14,Smartsheet,True
emp_815,Dropped Objects,2022-04-06,46,assessor_15,Smartsheet,False
emp_816,Process Safety,2024-01-16,67,assessor_16,Smartsheet,True
emp_817,Permit to Work,2023-04-18,58,assessor_17,Nintex,False
emp_818,Dropped Objects,2022-08-16,59,assessor_18,Smartsheet,False
emp_819,Permit to Work,2023-04-09,83,assessor_19,Smartsheet,True
emp_820,LOTO,2023-08-01,78,assessor_20,Nintex,True
emp_821,Process Safety,2022-03-06,79,assessor_21,Nintex,True
emp_822,Dropped Objects,2022-08-09,46,assessor_22,Nintex,False
emp_823,Dropped Objects,2023-01-30,45,assessor_23,Nintex,False
emp_824,Process Safety,2022-11-05,64,assessor_24,Nintex,True
emp_825,Hazard ID,2022-09-20,80,assessor_25,Smartsheet,True
emp_826,Hazard ID,2023-11-25,98,assessor_26,Smartsheet,True
emp_827,Permit to Work,2022-08-20,52,assessor_27,Nintex,False
emp_828,Process Safety,2022-10-14,78,assessor_28,Nintex,True
emp_829,Process Safety,2023-03-16,79,assessor_29,Nintex,True
emp_830,LOTO,2023-06-02,61,assessor_30,Nintex,True
emp_831,Hazard ID,2023-11-28,88,assessor_31,Smartsheet,True
emp_832,Hazard ID,2023-12-13,56,assessor_32,Smartsheet,False
emp_833,Process Safety,2023-06-30,87,assessor_33,Nintex,True
emp_834,Permit to Work,2022-12-11,61,assessor_34,Nintex,True
emp_835,Process Safety,2022-07-08,73,assessor_35,Nintex,True
emp_836,Permit to Work,2023-06-01,47,assessor_36,Nintex,False
emp_837,Hazard ID,2022-02-09,88,assessor_37,Smartsheet,True
emp_838,LOTO,2023-05-22,84,assessor_38,Nintex,True
emp_839,Dropped Objects,2022-04-18,57,assessor_39,Nintex,False
emp_840,Hazard ID,2022-12-18,63,assessor_40,Smartsheet,True
emp_841,Permit to Work,2023-03-26,99,assessor_41,Nintex,True
emp_842,Process Safety,2023-06-08,93,assessor_42,Smartsheet,True
emp_843,Hazard ID,2024-02-05,99,assessor_43,Nintex,True
emp_844,LOTO,2023-04-20,81,assessor_44,Nintex,True
emp_845,Permit to Work,2022-10-09,41,assessor_45,Smartsheet,False
emp_846,Process Safety,2023-12-25,41,assessor_46,Nintex,False
emp_847,Dropped Objects,2023-08-16,66,assessor_47,Smartsheet,True
emp_848,Permit to Work,2022-12-18,53,assessor_48,Smartsheet,False
emp_849,Process Safety,2022-04-02,87,assessor_49,Smartsheet,True
emp_850,Dropped Objects,2023-12-16,78,assessor_0,Nintex,True
emp_851,Process Safety,2023-05-26,92,assessor_1,Nintex,True
emp_852,Dropped Objects,2022-09-23,92,assessor_2,Smartsheet,True
emp_853,Dropped Objects,2022-11-14,95,assessor_3,Nintex,True
emp_854,Dropped Objects,2023-12-16,51,assessor_4,Nintex,False
emp_855,Process Safety,2023-09-05,71,assessor_5,Nintex,True
emp_856,Dropped Objects,2022-11-17,67,assessor_6,Smartsheet,True
emp_857,Permit to Work,2024-01-22,94,assessor_7,Smartsheet,True
emp_858,LOTO,2022-06-04,67,assessor_8,Nintex,True
emp_859,LOTO,2023-03-28,85,assessor_9,Smartsheet,True
emp_860,Dropped Objects,2022-04-20,64,assessor_10,Nintex,True
emp_861,LOTO,2022-12-24,43,assessor_11,Nintex,False
emp_862,LOTO,2022-06-18,65,assessor_12,Nintex,True
emp_863,Dropped Objects,2022-11-05,75,assessor_13,Smartsheet,True
emp_864,Dropped Objects,2022-05-15,89,assessor_14,Smartsheet,True
emp_865,Permit to Work,2023-08-05,42,assessor_15,Nintex,False
emp_866,Hazard ID,2023-03-04,40,assessor_16,Smartsheet,False
emp_867,Process Safety,2022-12-17,56,assessor_17,Nintex,False
emp_868,Dropped Objects,2023-03-27,46,assessor_18,Smartsheet,False
emp_869,Dropped Objects,2023-03-23,87,assessor_19,Smartsheet,True
emp_870,LOTO,2023-07-19,44,assessor_20,Smartsheet,False
emp_871,Permit to Work,2022-01-02,58,assessor_21,Nintex,False
emp_872,LOTO,2023-09-15,78,assessor_22,Nintex,True
emp_873,Dropped Objects,2022-09-24,85,assessor_23,Nintex,True
emp_874,Dropped Objects,2023-07-06,73,assessor_24,Smartsheet,True
emp_875,LOTO,2022-12-12,74,assessor_25,Nintex,True
emp_876,Dropped Objects,2022-06-01,88,assessor_26,Nintex,True
emp_877,Hazard ID,2022-11-21,55,assessor_27,Nintex,False
emp_878,Process Safety,2022-07-03,79,assessor_28,Nintex,True
emp_879,Process Safety,2023-08-27,89,assessor_29,Smartsheet,True
emp_880,Process Safety,2023-04-15,86,assessor_30,Smartsheet,True
emp_881,Hazard ID,2022-11-14,78,assessor_31,Nintex,True
emp_882,Dropped Objects,2022-05-02,66,assessor_32,Smartsheet,True
emp_883,LOTO,2023-12-15,80,assessor_33,Smartsheet,True
emp_884,Permit to Work,2023-03-02,77,assessor_34,Smartsheet,True
emp_885,Dropped Objects,2022-02-21,89,assessor_35,Smartsheet,True
emp_886,Hazard ID,2022-10-25,89,assessor_36,Smartsheet,True
emp_887,Hazard ID,2024-01-18,64,assessor_37,Nintex,True
emp_888,Process Safety,2022-09-01,65,assessor_38,Smartsheet,True
emp_889,Dropped Objects,2023-01-05,95,assessor_39,Nintex,True
emp_890,Process Safety,2023-11-05,53,assessor_40,Nintex,False
emp_891,Permit to Work,2022-08-12,53,assessor_41,Nintex,False
emp_892,Process Safety,2024-02-24,53,assessor_42,Smartsheet,False
emp_893,Permit to Work,2023-09-15,64,assessor_43,Smartsheet,True
emp_894,Hazard ID,2024-02-27,75,assessor_44,Smartsheet,True
emp_895,Process Safety,2024-01-31,43,assessor_45,Smartsheet,False
emp_896,Process Safety,2022-12-22,86,assessor_46,Nintex,True
emp_897,LOTO,2022-05-07,54,assessor_47,Nintex,False
emp_898,Hazard ID,2023-11-01,71,assessor_48,Nintex,True
emp_899,LOTO,2022-05-13,57,assessor_49,Smartsheet,False
emp_900,Permit to Work,2022-05-18,53,assessor_0,Nintex,False
emp_901,Permit to Work,2023-11-21,97,assessor_1,Nintex,True
emp_902,Hazard ID,2023-02-28,40,assessor_2,Nintex,False
emp_903,Permit to Work,2022-02-18,81,assessor_3,Smartsheet,True
emp_904,Hazard ID,2022-07-25,100,assessor_4,Nintex,True
emp_905,Permit to Work,2022-08-09,59,assessor_5,Nintex,False
emp_906,Dropped Objects,2022-06-24,49,assessor_6,Smartsheet,False
emp_907,Process Safety,2022-07-07,49,assessor_7,Nintex,False
emp_908,Dropped Objects,2024-01-17,98,assessor_8,Smartsheet,True
emp_909,Hazard ID,2023-08-06,63,assessor_9,Nintex,True
emp_910,Hazard ID,2023-04-04,73,assessor_10,Smartsheet,True
emp_911,Dropped Objects,2024-01-16,100,assessor_11,Smartsheet,True
emp_912,Process Safety,2022-07-08,67,assessor_12,Smartsheet,True
emp_913,Process Safety,2022-09-18,66,assessor_13,Nintex,True
emp_914,LOTO,2023-08-28,79,assessor_14,Nintex,True
emp_915,Permit to Work,2023-11-08,40,assessor_15,Smartsheet,False
emp_916,LOTO,2022-04-23,72,assessor_16,Smartsheet,True
emp_917,Process Safety,2023-12-27,43,assessor_17,Smartsheet,False
emp_918,Dropped Objects,2024-01-06,46,assessor_18,Smartsheet,False
emp_919,Permit to Work,2022-01-21,48,assessor_19,Smartsheet,False
emp_920,Dropped Objects,2023-06-29,55,assessor_20,Smartsheet,False
emp_921,LOTO,2022-07-29,44,assessor_21,Smartsheet,False
emp_922,Hazard ID,2023-01-28,73,assessor_22,Smartsheet,True
emp_923,Dropped Objects,2022-01-01,99,assessor_23,Smartsheet,True
emp_924,LOTO,2022-08-09,62,assessor_24,Smartsheet,True
emp_925,LOTO,2022-11-02,82,assessor_25,Smartsheet,True
emp_926,LOTO,2022-07-20,89,assessor_26,Smartsheet,True
emp_927,Hazard ID,2022-10-03,64,assessor_27,Nintex,True
emp_928,Hazard ID,2022-02-11,96,assessor_28,Smartsheet,True
emp_929,Hazard ID,2022-10-10,90,assessor_29,Nintex,True
emp_930,Permit to Work,2023-03-12,52,assessor_30,Nintex,False
emp_931,Hazard ID,2022-12-11,63,assessor_31,Nintex,True
emp_932,Hazard ID,2023-02-07,50,assessor_32,Smartsheet,False
emp_933,Hazard ID,2023-01-06,91,assessor_33,Nintex,True
emp_934,Dropped Objects,2022-10-03,90,assessor_34,Smartsheet,True
emp_935,Hazard ID,2023-05-05,56,assessor_35,Nintex,False
emp_936,Permit to Work,2022-03-14,76,assessor_36,Smartsheet,True
emp_937,LOTO,2022-08-06,52,assessor_37,Smartsheet,False
emp_938,Dropped Objects,2024-02-20,66,assessor_38,Nintex,True
emp_939,Process Safety,2022-07-22,59,assessor_39,Nintex,False
emp_940,Hazard ID,2023-01-09,72,assessor_40,Smartsheet,True
emp_941,LOTO,2022-07-30,81,assessor_41,Nintex,True
emp_942,LOTO,2023-10-08,71,assessor_42,Smartsheet,True
emp_943,Dropped Objects,2023-04-30,47,assessor_43,Smartsheet,False
emp_944,Process Safety,2023-01-11,95,assessor_44,Smartsheet,True
emp_945,Permit to Work,2022-06-05,68,assessor_45,Nintex,True
emp_946,LOTO,2023-10-27,79,assessor_46,Smartsheet,True
emp_947,LOTO,2022-06-08,58,assessor_47,Smartsheet,False
emp_948,LOTO,2023-08-06,45,assessor_48,Smartsheet,False
emp_949,LOTO,2022-06-20,83,assessor_49,Smartsheet,True
emp_950,Dropped Objects,2022-09-13,99,assessor_0,Nintex,True
emp_951,Process Safety,2024-02-15,78,assessor_1,Nintex,True
emp_952,LOTO,2023-08-02,87,assessor_2,Nintex,True
emp_953,Permit to Work,2022-12-18,80,assessor_3,Nintex,True
emp_954,Permit to Work,2022-07-19,60,assessor_4,Smartsheet,True
emp_955,Hazard ID,2023-03-22,96,assessor_5,Smartsheet,True
emp_956,LOTO,2022-04-25,61,assessor_6,Smartsheet,True
emp_957,LOTO,2023-12-30,81,assessor_7,Smartsheet,True
emp_958,LOTO,2023-02-15,49,assessor_8,Smartsheet,False
emp_959,LOTO,2023-11-02,49,assessor_9,Smartsheet,False
emp_960,LOTO,2023-06-17,91,assessor_10,Nintex,True
emp_961,Permit to Work,2022-12-03,68,assessor_11,Smartsheet,True
emp_962,Process Safety,2023-11-24,55,assessor_12,Smartsheet,False
emp_963,Process Safety,2022-02-21,40,assessor_13,Smartsheet,False
emp_964,Hazard ID,2023-11-28,56,assessor_14,Nintex,False
emp_965,Permit to Work,2022-09-17,69,assessor_15,Smartsheet,True
emp_966,LOTO,2022-09-07,65,assessor_16,Smartsheet,True
emp_967,Process Safety,2023-08-19,92,assessor_17,Smartsheet,True
emp_968,Dropped Objects,2022-06-01,100,assessor_18,Nintex,True
emp_969,Dropped Objects,2023-08-18,85,assessor_19,Smartsheet,True
emp_970,Dropped Objects,2022-04-10,58,assessor_20,Smartsheet,False
emp_971,LOTO,2023-08-02,92,assessor_21,Nintex,True
emp_972,LOTO,2023-02-21,60,assessor_22,Smartsheet,True
emp_973,Hazard ID,2022-09-18,56,assessor_23,Nintex,False
emp_974,Hazard ID,2024-01-20,85,assessor_24,Smartsheet,True
emp_975,Hazard ID,2024-02-08,79,assessor_25,Nintex,True
emp_976,Dropped Objects,2023-12-31,60,assessor_26,Smartsheet,True
emp_977,LOTO,2022-09-03,92,assessor_27,Smartsheet,True
emp_978,Dropped Objects,2023-08-29,80,assessor_28,Nintex,True
emp_979,Hazard ID,2023-06-05,79,assessor_29,Smartsheet,True
emp_980,LOTO,2023-01-01,84,assessor_30,Smartsheet,True
emp_981,Permit to Work,2022-10-04,88,assessor_31,Nintex,True
emp_982,Process Safety,2023-12-29,58,assessor_32,Smartsheet,False
emp_983,Process Safety,2023-08-06,99,assessor_33,Nintex,True
emp_984,Hazard ID,2023-05-06,46,assessor_34,Smartsheet,False
emp_985,Dropped Objects,2022-08-04,56,assessor_35,Nintex,False
emp_986,Permit to Work,2023-10-24,40,assessor_36,Smartsheet,False
emp_987,LOTO,2023-03-09,76,assessor_37,Smartsheet,True
emp_988,Dropped Objects,2023-07-17,96,assessor_38,Nintex,True
emp_989,Hazard ID,2024-01-26,45,assessor_39,Smartsheet,False
emp_990,Dropped Objects,2022-01-28,65,assessor_40,Nintex,True
emp_991,Hazard ID,2022-02-05,41,assessor_41,Nintex,False
emp_992,Process Safety,2023-03-11,98,assessor_42,Nintex,True
emp_993,Process Safety,2022-05-09,71,assessor_43,Smartsheet,True
emp_994,Dropped Objects,2022-05-14,96,assessor_44,Smartsheet,True
emp_995,Permit to Work,2022-03-11,87,assessor_45,Smartsheet,True
emp_996,LOTO,2022-05-30,93,assessor_46,Nintex,True
emp_997,Hazard ID,2023-12-31,44,assessor_47,Nintex,False
emp_998,LOTO,2023-09-30,76,assessor_48,Nintex,True
emp_999,Process Safety,2023-02-16,70,assessor_49,Smartsheet,True
